Code,RQ,Participant,Strand,Data_Type,Source_Tag,Dimension,Data_Point,Paired_With,Classification,Notes
QLL1,RQ1a,Lisa,QUAL,IPA Theme,GET 3.1/4.1,Pharmacological-historical,Generational framing of own use as modest experimentation; 'smoked a bit of old-fashioned grass...probably dropped acid a couple of times',,,
QLL2,RQ1a,Lisa,QUAL,IPA Theme,GET 4.2,Moral/linguistic threshold,"Consistent terminology 'substance misusers' rather than 'addicts,' implying threshold-based construal where use itself is unremarkable",,,
QLL3,RQ1a,Lisa,QUAL,IPA Theme,GET 4.2,Humanizing/normalization,"'People around the world really have the same...kinds of emotions. They get depressed, they get anxious, they take drugs, they don't take drugs'",,,
QRR1,RQ1a,Ramona,QUAL,IPA Theme,GET 4.1,Legal/contextual,Real-time revision of legal-illegal construct for alcohol; 'it depends on...your age...legally obtained if you're of age...illegally obtained if you're underage. So maybe put that as a 3',,,
QRR2,RQ1a,Ramona,QUAL,IPA Theme,GET 4.1,Pharmacological,Pharmacological nuance on alcohol; 'it changes. [I] Think it starts out stimulating and ends up as a depressant',,,
QRR3,RQ1a,Ramona,QUAL,IPA Theme,GET 4.2,Threshold/pathology,Threshold qualifier that consequences emerge only 'with overuse',,,
QRR4,RQ1a,Ramona,QUAL,IPA Theme,GET 4.1,Evolving-evidence,Awareness of hallucinogen research for depression and PTSD,,,
QSS1,RQ1a,Seth,QUAL,IPA Theme,GET 4.3,Social-context,Alcohol described as 'one of the most social' substances yet linked to isolation as use progresses; touches RQ1b where construct organizes users,,,
QSS2,RQ1a,Seth,QUAL,IPA Theme,GET 4.3,Class/function,Class-based functional framing; productive use linked with lower SES while recreational use construed as socially inclusive,,,
QSS3,RQ1a,Seth,QUAL,IPA Theme,GET 4.4,Cultural,Identification of psychedelic use within Native cultures,,,
QROR1,RQ1a,Rose,QUAL,IPA Theme,GET 4.1,Pharmacological,"Pharmacological-perceptual distinction; 'MDMA and mushroom...they're more mind-altering, people are tripping' contrasted with 'Alcohol...mood-altering actually'",,,
QROR2,RQ1a,Rose,QUAL,IPA Theme,GET 4.2,Pathology-threshold,"Preference for 'overusing' over 'overdose,' reflecting threshold-based reasoning",,,
QROR3,RQ1a,Rose,QUAL,IPA Theme,GET 4.3,Structural/economic,Spontaneous identification of economic accessibility as an organizing dimension of substances,,,
QROR4,RQ1a,Rose,QUAL,IPA Theme,GET 4.1,Evolving-evidence,Recognition that cannabis and psychedelics are moving into legitimate therapeutic realms,,,
QROR5,RQ1a,Rose,QUAL,IPA Theme,GET 4.4,Cultural,Critique of American drinking-age policy from a European perspective; supervised exposure to alcohol at 16 construed as promoting responsibility; consistent with Addo (2018),,,
QPC1L,RQ1a,Lisa,QUANT,Principal Component,Lisa Substance Grid,PC1,PC1: Stimulation vs. Functional Impairment — 62.8% variance,,,
QPC2L,RQ1a,Lisa,QUANT,Principal Component,Lisa Substance Grid,PC2,PC2: Pharmaceutical Legitimacy vs. Home-Made — 30.78% variance. Independent of PC1; separates substances by manufacturing source,,,
QPC1R,RQ1a,Ramona,QUANT,Principal Component,Ramona Substance Grid,PC1,"PC1: Familiarly Stimulating vs. Unfamiliar Relaxation — 42.33% variance. Two-component solution, 79.97% total.",,,
QPC2R,RQ1a,Ramona,QUANT,Principal Component,Ramona Substance Grid,PC2,PC2: Natural Anxiety Relief vs. Synthetic Dopamine Activation — 37.64% variance. Organizes by neurochemical mechanism and substance origin,,,
QPC1S,RQ1a,Seth,QUANT,Principal Component,Seth Substance Grid,PC1,"PC1: Inclusive Leisure vs. Lower-Class Productivity — 46.7% variance. Two-component solution, 72.6% total.",,,
QPC2S,RQ1a,Seth,QUANT,Principal Component,Seth Substance Grid,PC2,PC2: Active Engagement vs. Medical Isolation — 25.9% variance. Differentiates social/productive use context from medical/isolated use,,,
QPC1Ro,RQ1a,Rose,QUANT,Principal Component,Rose Substance Grid,PC1,PC1: Alternative Lifestyle Use vs. Harmful Poly-Use — 54.76% variance,,,
QPC2Ro,RQ1a,Rose,QUANT,Principal Component,Rose Substance Grid,PC2,PC2: Illicit Affordability vs. Legal and Expensive — 30.61% variance. Separates by legal status and cost independent of PC1,,,
Q1,RQ1a,Lisa,QUANT,Construct Loading,Lisa Substance Grid PC1,Stimulation vs. Functional Impairment,PC1 = 0.934; PC2 = -0.203,,,
Q2,RQ1a,Lisa,QUANT,Construct Loading,Lisa Substance Grid PC1,"Produce Buzzy, Wired-up Effects vs. Depressant",PC1 = 0.916; PC2 = 0.355,,,
Q3,RQ1a,Lisa,QUANT,Construct Loading,Lisa Substance Grid PC1,Functioning Severely Impacted vs. No Harm,PC1 = -0.883; PC2 = 0.319,,,
Q4,RQ1a,Lisa,QUANT,Construct Loading,Lisa Substance Grid PC2,Pharmaceutical Grade vs. Home-Made,PC1 = 0.148; PC2 = 0.981,,,
Q11,RQ1a,Ramona,QUANT,Construct Loading,Ramona Substance Grid PC1,Experience Working With vs. No Experience,PC1 = 0.916; PC2 = -0.037,,,
Q12,RQ1a,Ramona,QUANT,Construct Loading,Ramona Substance Grid PC1,Personal Use Frequency vs. Infrequent/Nonexistent Personal Use,PC1 = 0.883; PC2 = 0.410,,,
Q13,RQ1a,Ramona,QUANT,Construct Loading,Ramona Substance Grid PC1,Used for Relaxation vs. Used for Energy,PC1 = -0.884; PC2 = 0.341,,,
Q14,RQ1a,Ramona,QUANT,Construct Loading,Ramona Substance Grid PC2,Treatment Involves Addressing Dopamine vs. Treatment Addresses Anxiety,PC1 = 0.197; PC2 = -0.887,,,
Q15,RQ1a,Ramona,QUANT,Construct Loading,Ramona Substance Grid PC2,Stimulant vs. Depressant,PC1 = 0.457; PC2 = -0.820,,,
Q16,RQ1a,Ramona,QUANT,Construct Loading,Ramona Substance Grid PC2,Naturally Occurring vs. Lab-Made,PC1 = 0.369; PC2 = 0.731,,,
Q17,RQ1a,Ramona,QUANT,Construct Loading,Ramona Substance Grid PC2,Liquid State vs. Pills/Solid Form,PC1 = 0.423; PC2 = 0.597,,,
Q26,RQ1a,Seth,QUANT,Construct Loading,Seth Substance Grid PC1,Not Limited by Class vs. Limited to Lower SES,PC1 = 0.546; PC2 = 0.222,,,
Q27,RQ1a,Seth,QUANT,Construct Loading,Seth Substance Grid PC1,Oral Route of Administration vs. Inhalation,PC1 = 0.539; PC2 = 0.005,,,
Q28,RQ1a,Seth,QUANT,Construct Loading,Seth Substance Grid PC1,Medical vs. Non-Medical,PC1 = 0.369; PC2 = -0.387,,,
Q29,RQ1a,Seth,QUANT,Construct Loading,Seth Substance Grid PC1,"Social, Partying vs. Used in Isolation",PC1 = 0.356; PC2 = 0.682,,,
Q30,RQ1a,Seth,QUANT,Construct Loading,Seth Substance Grid PC2,Used for Productivity vs. Used for Relaxation,PC1 = -0.386; PC2 = 0.580,,,
Q39,RQ1a,Rose,QUANT,Construct Loading,Rose Substance Grid PC1,Alternative/Hippie Stereotype Lifestyle vs. Stereotype of Justice Involvement/Illegal Activities,PC1 = 0.939; PC2 = -0.207,,,
Q40,RQ1a,Rose,QUANT,Construct Loading,Rose Substance Grid PC1,Mind-Altering vs. Mood-Altering,PC1 = 0.783; PC2 = 0.431,,,
Q41,RQ1a,Rose,QUANT,Construct Loading,Rose Substance Grid PC1/PC2,Partying vs. Self-Medicating,PC1 = 0.748; PC2 = -0.233,,,
Q42,RQ1a,Rose,QUANT,Construct Loading,Rose Substance Grid PC1,Affordable vs. Expensive,PC1 = 0.321; PC2 = 0.883,,,
Q43,RQ1a,Rose,QUANT,Construct Loading,Rose Substance Grid PC1,Licit vs. Illicit,PC1 = -0.281; PC2 = -0.927,,,
Q44,RQ1a,Rose,QUANT,Construct Loading,Rose Substance Grid PC1,Poly Substance Use vs. Isolated Use of One Substance,PC1 = -0.830; PC2 = 0.444,,,
Q45,RQ1a,Rose,QUANT,Construct Loading,Rose Substance Grid PC2,More Side Effects from Overuse vs. Fewer Side Effects,PC1 = -0.953; PC2 = 0.151,,,
Q5,RQ1a,Lisa,QUANT,Element Position,Lisa Substance Grid,Cocaine,"Cocaine ≈ -4.4 PC1, ≈ -1.0 PC2. Stimulating, mid-low legitimacy.",,,
Q6,RQ1a,Lisa,QUANT,Element Position,Lisa Substance Grid,Stimulants,"Stimulants ≈ -4.3 PC1, ≈ -0.9 PC2. Clustered with Cocaine.",,,
Q7,RQ1a,Lisa,QUANT,Element Position,Lisa Substance Grid,Skunk Cannabis,"Skunk Cannabis ≈ 0.7 PC1, ≈ 2.6 PC2. Mid-range stimulation, high home-made pole.",,,
Q8,RQ1a,Lisa,QUANT,Element Position,Lisa Substance Grid,Benzos,"Benzos ≈ 1.5 PC1, ≈ 2.0 PC2. Mild impairment, home-made pole.",,,
Q9,RQ1a,Lisa,QUANT,Element Position,Lisa Substance Grid,Alcohol,"Alcohol ≈ 2.8 PC1, ≈ -2.0 PC2. Impairment end, pharmaceutical pole.",,,
Q10,RQ1a,Lisa,QUANT,Element Position,Lisa Substance Grid,Ketamine,"Ketamine ≈ 3.9 PC1, ≈ -0.7 PC2. Most impairment-loaded element.",,,
Q18,RQ1a,Ramona,QUANT,Element Position,Ramona Substance Grid,Cocaine,"Cocaine ≈ -5.7 PC1, ≈ 3.0 PC2. Familiar pole, synthetic dopamine activation end.",,,
Q19,RQ1a,Ramona,QUANT,Element Position,Ramona Substance Grid,Methamphetamines,"Methamphetamines ≈ -3.6 PC1, ≈ 4.6 PC2. Most extreme synthetic-dopamine position.",,,
Q20,RQ1a,Ramona,QUANT,Element Position,Ramona Substance Grid,Alcohol,"Alcohol ≈ -2.2 PC1, ≈ -5.4 PC2. Familiar pole, strongest natural anxiety relief end.",,,
Q21,RQ1a,Ramona,QUANT,Element Position,Ramona Substance Grid,Marijuana,"Marijuana ≈ -2.8 PC1, ≈ -5.0 PC2. Clustered with Alcohol.",,,
Q22,RQ1a,Ramona,QUANT,Element Position,Ramona Substance Grid,Opiates,"Opiates ≈ -0.6 PC1, ≈ 0.1 PC2. Origin/centroid position.",,,
Q23,RQ1a,Ramona,QUANT,Element Position,Ramona Substance Grid,Hallucinogens,"Hallucinogens ≈ 1.7 PC1, ≈ 0.8 PC2. Unfamiliar pole, mild synthetic activation.",,,
Q24,RQ1a,Ramona,QUANT,Element Position,Ramona Substance Grid,Sedatives,"Sedatives ≈ 6.7 PC1, ≈ 0.5 PC2. Extreme unfamiliar pole.",,,
Q25,RQ1a,Ramona,QUANT,Element Position,Ramona Substance Grid,Barbiturates,"Barbiturates ≈ 6.7 PC1, ≈ 1.3 PC2. Clustered with Sedatives at unfamiliar pole.",,,
Q31,RQ1a,Seth,QUANT,Element Position,Seth Substance Grid,Alcohol,"Alcohol ≈ -2.6 PC1, ≈ -0.3 PC2. Inclusive leisure pole, mid-range engagement",,,
Q32,RQ1a,Seth,QUANT,Element Position,Seth Substance Grid,Shrooms,"Shrooms ≈ -2.0 PC1, ≈ -1.0 PC2. Inclusive leisure, social-partying region",,,
Q33,RQ1a,Seth,QUANT,Element Position,Seth Substance Grid,MDMA,"MDMA ≈ -1.8 PC1, ≈ -2.0 PC2. Most extreme social-partying anchor",,,
Q34,RQ1a,Seth,QUANT,Element Position,Seth Substance Grid,Marijuana,"Marijuana ≈ -0.6 PC1, ≈ -0.5 PC2. Mid leisure pole, mild social region",,,
Q35,RQ1a,Seth,QUANT,Element Position,Seth Substance Grid,Opiates,"Opiates ≈ -1.6 PC1, ≈ 2.8 PC2. Extreme medical isolation pole",,,
Q36,RQ1a,Seth,QUANT,Element Position,Seth Substance Grid,K2,"K2 ≈ 2.5 PC1, ≈ 2.0 PC2. Lower-class productivity pole, medical-isolation region",,,
Q37,RQ1a,Seth,QUANT,Element Position,Seth Substance Grid,Methamphetamine,"Methamphetamine ≈ 2.7 PC1, ≈ -0.6 PC2. Lower-class productivity anchor",,,
Q38,RQ1a,Seth,QUANT,Element Position,Seth Substance Grid,Crack Cocaine,"Crack Cocaine ≈ 3.3 PC1, ≈ -0.4 PC2. Extreme lower-class productivity anchor",,,
Q46,RQ1a,Rose,QUANT,Element Position,Rose Substance Grid,MDMA,"MDMA ≈ -7.2 PC1, ≈ -0.3 PC2. Extreme alternative lifestyle pole.",,,
Q47,RQ1a,Rose,QUANT,Element Position,Rose Substance Grid,Mushrooms,"Mushrooms ≈ -7.2 PC1, ≈ -1.0 PC2. Clustered with MDMA at alternative lifestyle anchor.",,,
Q48,RQ1a,Rose,QUANT,Element Position,Rose Substance Grid,Cannabis,"Cannabis ≈ -1.0 PC1, ≈ 0.8 PC2. Mid-range, leaning alternative-lifestyle and licit.",,,
Q49,RQ1a,Rose,QUANT,Element Position,Rose Substance Grid,Cocaine,"Cocaine ≈ 1.5 PC1, ≈ -1.4 PC2. Harmful poly-use region, illicit affordability end.",,,
Q50,RQ1a,Rose,QUANT,Element Position,Rose Substance Grid,Adderall/Rx Stimulants,"Adderall/Rx Stimulants ≈ 2.0 PC1, ≈ 3.6 PC2. Legal/expensive pole, moderate poly-use.",,,
Q51,RQ1a,Rose,QUANT,Element Position,Rose Substance Grid,Alcohol,"Alcohol ≈ 3.0 PC1, ≈ 4.3 PC2. Extreme legal/expensive anchor, harmful poly-use end.",,,
Q52,RQ1a,Rose,QUANT,Element Position,Rose Substance Grid,Methamphetamine,"Methamphetamine ≈ 4.0 PC1, ≈ -2.6 PC2. Harmful poly-use, illicit affordability region.",,,
Q53,RQ1a,Rose,QUANT,Element Position,Rose Substance Grid,Heroin,"Heroin ≈ 5.5 PC1, ≈ -3.4 PC2. Most extreme harmful poly-use anchor, illicit affordability end.",,,
QLL1,RQ1b,Lisa,QUAL,IPA Theme,"GET 4, 4.2",A: Humanizing,"Consistent use of 'substance misuser,' distancing clients from pathological labels; prefix 'mis-' implies threshold where use itself is unremarkable",,,
QLL2,RQ1b,Lisa,QUAL,IPA Theme,"GET 4, 4.2",A: Humanizing,"Placed substance use within ordinary variability of human experience; 'They get depressed, they get anxious, they take drugs, they don't take drugs...they love their families, they don't love their families'",,,
QLL3,RQ1b,Lisa,QUAL,IPA Theme,"GET 4, 4.2",A: Humanizing,"Recognized incarcerated client's sales abilities despite criminal history; strengths-based, person-first construal; 'He could have sold Coles to Newcastle!'",,,
QLL4,RQ1b,Lisa,QUAL,IPA Theme,"GET 4, 4.2",A: Humanizing,Linguistic oscillation between 'had a substance misuse problem' (condition) and 'are substance misusers' (identity); shifts between conditional and identity-based framings,,,
QLL5,RQ1b,Lisa,QUAL,IPA Theme,"GET 1, 1.2",B: Loss/Proximity,"First people grid construct was mortality ('dead or alive'), transformed into avoidance-versus-closeness; the dead held close through grief while some living kept at distance",,,
QLL6,RQ1b,Lisa,QUAL,IPA Theme,"GET 1, 1.2",B: Loss/Proximity,"Advocacy for murdered friend Marno against legal system's dehumanizing language; 'In the court documents, some lawyer referred to her as just a waitress'",,,
QLL7,RQ1b,Lisa,QUAL,IPA Theme,"GET 1, 1.3",B: Loss/Proximity,"Memorialized Marno through cultural and spiritual meaning-making; 'the Egyptians had an ancient belief that if someone says your name, you never...your soul never dies'",,,
QLL8,RQ1b,Lisa,QUAL,IPA Theme,"GET 1, 1.1",B: Loss/Proximity,Teenagers unknowingly exposed to laced drugs construed as victims of market exploitation; people framed through forces acting upon them,,,
QLL9,RQ1b,Lisa,QUAL,IPA Theme,"GET 3, 3.1",C: Self-Positioning,Generational framing of substance knowledge within 1960s cultural context; experimentation as historically contextualized and modest,,,
QLL10,RQ1b,Lisa,QUAL,IPA Theme,"GET 3, 3.1",C: Self-Positioning,"Generational cohort's substance knowledge as cultural value; 'We knew a lot, because we felt we should'",,,
QLL11,RQ1b,Lisa,QUAL,IPA Theme,"GET 1, 1.4",C: Self-Positioning,"Music industry exposure demystified identity of person who uses substances, eliminating relational distance between counselor and client",,,
QLL12,RQ1b,Lisa,QUAL,IPA Theme,"GET 5, 5.5",C: Self-Positioning,Fatigue during grid elicitation produced unmodulated evaluative language ('Hannah's an arrogant cow'); sustained empathic framing depends on cognitive resources,,,
QRR1,RQ1b,Ramona,QUAL,IPA Theme,"GET 4, 4.2",A: Humanizing,Empathy for what clients lose in recovery from stimulant use; 'You're talking about dealing with not feeling stimulated all the time. And not have that immediate...Rush of dopamine',,,
QRR2,RQ1b,Ramona,QUAL,IPA Theme,"GET 4, 4.2",A: Humanizing,Conditional framework for consequences; substances do not carry inherent negative outcomes; pathology emerges only 'with overuse',,,
QRR3,RQ1b,Ramona,QUAL,IPA Theme,"GET 4, 4.2",A: Humanizing,"Refused to generalize about sedatives because she lacked clinical experience; 'I haven't treated a lot of people that are coming specifically off of sedatives, so I don't know how to speak to that'",,,
QRR4,RQ1b,Ramona,QUAL,IPA Theme,"GET 5, 5.5",A: Humanizing,Rejected hierarchy with visceral discomfort; 'I don't do this thing where I'm better than...You know that feels icky to me to even say that',,,
QRR5,RQ1b,Ramona,QUAL,IPA Theme,"GET 1, 1.4",A: Humanizing,"'We' language in sessions; active refusal to other clients; 'when I'm talking with them, I do say we. You know, when we get ourselves in these positions' [also RQ3]",,,
QRR6,RQ1b,Ramona,QUAL,IPA Theme,"GET 1, 1.2",B: Loss/Proximity,"Existential confusion about differential outcomes; 'I was abusing the substance equally...but I didn't understand why I could stop, and they couldn't'; labeled as survivor's guilt",,,
QRR7,RQ1b,Ramona,QUAL,IPA Theme,"GET 1, 1.3",B: Loss/Proximity,"Survivor's guilt became intellectual pursuit through addiction coursework; 'Oh, this is fascinating! I want to know more about this'",,,
QRR8,RQ1b,Ramona,QUAL,IPA Theme,"GET 3, 3.1",C: Self-Positioning,Described 'dabbling' without becoming addicted; question of differential outcomes as central professional puzzle,,,
QRR9,RQ1b,Ramona,QUAL,IPA Theme,GET 5,C: Self-Positioning,Identified colleague effective through familial proximity without personal addiction; third pathway to clinical understanding,,,
QRR10,RQ1b,Ramona,QUAL,IPA Theme,Interview (people grid),C: Self-Positioning,"Acknowledged construals differ depending on relationship; three distinct lenses for self, family member, and clients",,,
QRR11,RQ1b,Ramona,QUAL,IPA Theme,Interview data,C: Self-Positioning,Delayed mutual disclosure with substance-using family member; shared use history creates connection across relational categories [also RQ3],,,
QRR12,RQ1b,Ramona,QUAL,IPA Theme,"GET 5, 5.5",C: Self-Positioning,Narcissism and passive-aggression as specific countertransference triggers; visceral language ('ick') mirrored hierarchy-rejection vocabulary,,,
QRR13,RQ1b,Ramona,QUAL,IPA Theme,"GET 4, 4.3/4.4",C: Self-Positioning,Gendered social dynamics in addiction; women become addicted faster and are more socially influenced by men to begin using,,,
QRR14,RQ1b,Ramona,QUAL,IPA Theme,"GET 4, 4.4",C: Self-Positioning,"Race absent from clinical experience as a factor; 'I don't think race, I don't...in my experience, I don't see race as a factor'",,,
QSS1,RQ1b,Seth,QUAL,IPA Theme,"GET 4, 4.2",A: Humanizing,"Emphasized subjective experience of clients and purpose behind use; 'What they're looking to get with the experience and kind of, what's the purpose behind the use?'",,,
QSS2,RQ1b,Seth,QUAL,IPA Theme,"GET 4, 4.2",A: Humanizing,Developmental construct distinguishing exploration (adolescent use) from productivity (adult use); functional purpose at every stage,,,
QSS3,RQ1b,Seth,QUAL,IPA Theme,"GET 1, 1.1",B: Loss/Proximity,Early encounters with addiction-related behavior (bar patrons arriving before opening) produced bewilderment rather than visceral threat; curiosity drew him toward specialization,,,
QSS4,RQ1b,Seth,QUAL,IPA Theme,"GET 4, 4.2",C: Self-Positioning,Emphasized understanding clients' subjective emotional and physiological states; 'Looking for that kind of slow-down feel',,,
QRO1,RQ1b,Rose,QUAL,IPA Theme,"GET 4, 4.2",A: Humanizing,"Rejected 'overdose' in favor of 'overusing,' placing consequences within context; threshold-based humanizing pattern",,,
QRO2,RQ1b,Rose,QUAL,IPA Theme,"GET 4, 4.2",A: Humanizing,"Described opioid effects in phenomenological terms; 'Individuals would not really function...They're nodded out, they are sometimes not even really there'",,,
QRO3,RQ1b,Rose,QUAL,IPA Theme,"GET 4, 4.2",A: Humanizing,"Differentiated between recreational use and coping; 'Alcohol, cocaine - party...heroin would be more self-medicating'",,,
QRO4,RQ1b,Rose,QUAL,IPA Theme,"GET 5, 5.5",A: Humanizing,Active resistance to stereotyping with 'constant awareness'; named specific assumptions she refused to hold,,,
QRO5,RQ1b,Rose,QUAL,IPA Theme,"GET 5, 5.5",A: Humanizing,Empathy with challenging clients requires deliberate effort; empathy framed as active intervention rather than organic feeling,,,
QRO6,RQ1b,Rose,QUAL,IPA Theme,"GET 1, 1.2",B: Loss/Proximity,"Construed father through family systems lens; 'Dad never did treatment, so he never got better'",,,
QRO7,RQ1b,Rose,QUAL,IPA Theme,"GET 1, 1.4",B: Loss/Proximity,Extended familial observations to clinical work; families need help alongside identified patient,,,
QRO8,RQ1b,Rose,QUAL,IPA Theme,"GET 3, 3.1",C: Self-Positioning,Applied clinical lens retrospectively to own past substance use ('not a healthy relationship'); named current nicotine dependence without defensiveness,,,
QRO9,RQ1b,Rose,QUAL,IPA Theme,"GET 5, 5.5",C: Self-Positioning,"Acknowledged growth from early-career stereotyping; 'Early on, I did kind of stereotype whatever substance somebody would use. You see them in a different light'",,,
NLL1,RQ1b,Lisa,QUANT,Principal Component,Lisa People Grid,PC1,"PC1: Empathetic Familiarity vs. Dysfunctionally Distanced (74.36% variance). Two-component solution, 87.29% total.",,,
NLL2,RQ1b,Lisa,QUANT,Principal Component,Lisa People Grid,PC2,PC2: Peer Critique vs. Outsider Idealization (12.93% variance). Secondary dimension distinguishing demographic peers from culturally different individuals.,,,
NLL3,RQ1b,Lisa,QUANT,Structural Absence,Lisa People Grid,Structural absence,No addiction-specific constructs were elicited for Lisa's People Grid.,,,
NRR1,RQ1b,Ramona,QUANT,Principal Component,Ramona People Grid,PC1,"PC1: Psychological Stability vs. Dysfunctional Pathology (61.59% variance). Two-component solution, 76.50% total.",,,
NRR2,RQ1b,Ramona,QUANT,Principal Component,Ramona People Grid,PC2,PC2: Investment in Masculinity vs. Disengaged with Femininity (14.91% variance). Secondary dimension linking masculinity with relational energy investment.,,,
NSS1,RQ1b,Seth,QUANT,Principal Component,Seth People Grid,PC1,"PC1: Holistic Alignment vs. Frustrating Dissonance (63.60% variance). Two-component solution, 83.20% total. No addiction-specific content.",,,
NSS2,RQ1b,Seth,QUANT,Principal Component,Seth People Grid,PC2,PC2: Less-Skilled Personal Relationships vs. Aligned Mentors (19.60% variance). Secondary dimension distinguishing personal closeness and age proximity from professional skill and mentorship.,,,
NSS3,RQ1b,Seth,QUANT,Structural Absence,Seth People Grid,Structural absence,No addiction-specific constructs were elicited for Seth's People Grid.,,,
NRO1,RQ1b,Rose,QUANT,Principal Component,Rose People Grid,PC1,"PC1: Compassionate Cultural Awareness vs. Dominating Self-Centeredness (49.90% variance). Three-component solution, 82.73% total.",,,
NRO2,RQ1b,Rose,QUANT,Principal Component,Rose People Grid,PC2,PC2: Rigid Program Submission vs. Assertive Cultural Competence (19.60% variance). Secondary dimension distinguishing AA adherence from individualized cultural competence.,,,
NRO3,RQ1b,Rose,QUANT,Principal Component,Rose People Grid,PC3,PC3: Mainstream Openness vs. Marginalized Rigidity (13.23% variance). Tertiary dimension in which open-mindedness clusters with dominant culture positioning.,,,
NLL4,RQ1b,Lisa,QUANT,Construct Loading,Lisa People Grid,PC1/PC2 loadings,Close to Self vs. Avoidance — PC1 = 0.984,,,
NLL5,RQ1b,Lisa,QUANT,Construct Loading,Lisa People Grid,PC1/PC2 loadings,"Patient, Empathetic, Compassionate vs. Biased, Paranoid — PC1 = 0.956; PC2 = -0.181",,,
NLL6,RQ1b,Lisa,QUANT,Construct Loading,Lisa People Grid,PC1/PC2 loadings,Authentic vs. Inauthentic — PC1 = 0.933; PC2 = -0.134,,,
NLL7,RQ1b,Lisa,QUANT,Construct Loading,Lisa People Grid,PC1/PC2 loadings,Fulfilling Life vs. Unfulfilled Life — PC1 = 0.892,,,
NLL8,RQ1b,Lisa,QUANT,Construct Loading,Lisa People Grid,PC1/PC2 loadings,Culturally Similar vs. Culturally Different — PC1 = 0.790; PC2 = 0.549,,,
NLL9,RQ1b,Lisa,QUANT,Construct Loading,Lisa People Grid,PC1/PC2 loadings,Similar in Age vs. Younger Age — PC1 = 0.754; PC2 = 0.625,,,
NLL10,RQ1b,Lisa,QUANT,Construct Loading,Lisa People Grid,PC1/PC2 loadings,"Arrogant, Rude vs. Polite, Respectful — PC1 = -0.865; PC2 = 0.272",,,
NLL11,RQ1b,Lisa,QUANT,Construct Loading,Lisa People Grid,PC1/PC2 loadings,Makes Poor Choices vs. Makes Better Choices — PC1 = -0.678; PC2 = 0.460,,,
NRR3,RQ1b,Ramona,QUANT,Construct Loading,Ramona People Grid,PC1/PC2 loadings,Mentally Unstable vs. Mental Stability — PC1 = -0.956; PC2 = -0.203,,,
NRR4,RQ1b,Ramona,QUANT,Construct Loading,Ramona People Grid,PC1/PC2 loadings,Narcissistic and Passive Aggressive vs. Agreeable and Selfless — PC1 = -0.911; PC2 = 0.021,,,
NRR5,RQ1b,Ramona,QUANT,Construct Loading,Ramona People Grid,PC1/PC2 loadings,"Naturally Warm and Empathetic vs. Blunt, Abrupt, Not Warm — PC1 = 0.886; PC2 = 0.163",,,
NRR6,RQ1b,Ramona,QUANT,Construct Loading,Ramona People Grid,PC1/PC2 loadings,Leadership Qualities vs. Non-Leader — PC1 = 0.852; PC2 = -0.194,,,
NRR7,RQ1b,Ramona,QUANT,Construct Loading,Ramona People Grid,PC1/PC2 loadings,Educated vs. Not Educated — PC1 = 0.804; PC2 = -0.251,,,
NRR8,RQ1b,Ramona,QUANT,SU Construct Loading,Ramona People Grid,PC1/PC2 loadings,Addict vs. Non-Addict — PC1 = -0.762; PC2 = 0.098,,,
NRR9,RQ1b,Ramona,QUANT,Construct Loading,Ramona People Grid,PC1/PC2 loadings,Masculine vs. Feminine — PC1 = -0.336; PC2 = 0.762,,,
NRR10,RQ1b,Ramona,QUANT,Construct Loading,Ramona People Grid,PC1/PC2 loadings,"Likes Them, Invests Energy Into Relationship vs. Dislikes, Doesn't Invest — PC1 = 0.577; PC2 = 0.658",,,
NSS4,RQ1b,Seth,QUANT,Construct Loading,Seth People Grid,PC1/PC2 loadings,Agreeable Approach to Life vs. Conflicting Approach — PC1 = 0.402; PC2 = 0.104,,,
NSS5,RQ1b,Seth,QUANT,Construct Loading,Seth People Grid,PC1/PC2 loadings,Refreshing to Spend Time with vs. Frustrating to Spend Time with — PC1 = 0.399; PC2 = -0.047,,,
NSS6,RQ1b,Seth,QUANT,Construct Loading,Seth People Grid,PC1/PC2 loadings,Biopsychosocial Model vs. Disease Model of Addiction — PC1 = 0.382; PC2 = -0.109,,,
NSS7,RQ1b,Seth,QUANT,Construct Loading,Seth People Grid,PC1/PC2 loadings,Aligns With My Approach vs. Disaligned with My Approach — PC1 = 0.371; PC2 = -0.400,,,
NSS8,RQ1b,Seth,QUANT,Construct Loading,Seth People Grid,PC1/PC2 loadings,Ethical Behavior vs. Unethical Behavior — PC1 = 0.367; PC2 = -0.132,,,
NSS9,RQ1b,Seth,QUANT,Construct Loading,Seth People Grid,PC1/PC2 loadings,Educational Credibility vs. Less Reliant on Credentials — PC1 = 0.353; PC2 = -0.075,,,
NSS10,RQ1b,Seth,QUANT,Construct Loading,Seth People Grid,PC1/PC2 loadings,Current Skills vs. Future/Potential Skills — PC1 = 0.202; PC2 = -0.593,,,
NSS11,RQ1b,Seth,QUANT,Construct Loading,Seth People Grid,PC1/PC2 loadings,Personal Relationship vs. Professional Relationship — PC1 = 0.256; PC2 = 0.483,,,
NSS12,RQ1b,Seth,QUANT,Construct Loading,Seth People Grid,PC1/PC2 loadings,Close in Age vs. Different in Age — PC1 = 0.173; PC2 = 0.605,,,
NRO4,RQ1b,Rose,QUANT,Construct Loading,Rose People Grid,PC1/PC2/PC3 loadings,Caring About Others vs. Self-Centered — PC1 = 0.469; PC2 = -0.012; PC3 = 0.065,,,
NRO5,RQ1b,Rose,QUANT,Construct Loading,Rose People Grid,PC1/PC2/PC3 loadings,Marginalized Culture vs. Dominant Culture — PC1 = 0.363; PC2 = -0.117; PC3 = -0.422,,,
NRO6,RQ1b,Rose,QUANT,Construct Loading,Rose People Grid,PC1/PC2/PC3 loadings,Culturally Competent vs. Neglects Importance of Culture — PC1 = 0.323; PC2 = -0.528; PC3 = 0.177,,,
NRO7,RQ1b,Rose,QUANT,Construct Loading,Rose People Grid,PC1/PC2/PC3 loadings,Open-Minded vs. Rigid — PC1 = 0.285; PC2 = -0.192; PC3 = 0.747,,,
NRO8,RQ1b,Rose,QUANT,Construct Loading,Rose People Grid,PC1/PC2/PC3 loadings,Adherence to AA/1 Size Fits All vs. Individualized Treatment — PC1 = 0.075; PC2 = 0.671; PC3 = 0.233,,,
NRO9,RQ1b,Rose,QUANT,Construct Loading,Rose People Grid,PC1/PC2/PC3 loadings,Dominating Behavior vs. Submissive Behavior — PC1 = -0.366; PC2 = -0.441; PC3 = -0.134,,,
NRO10,RQ1b,Rose,QUANT,Construct Loading,Rose People Grid,PC1/PC2/PC3 loadings,Significant AUD vs. Abstinence — PC1 = -0.384; PC2 = 0.120; PC3 = 0.342,,,
NRO11,RQ1b,Rose,QUANT,Construct Loading,Rose People Grid,PC1/PC2/PC3 loadings,Masculine vs. Feminine — PC1 = -0.420; PC2 = -0.160; PC3 = 0.197,,,
NLL12,RQ1b,Lisa,QUANT,Element Position,Lisa People Grid,SU Personal Connection,"Friend w/SUD (E5) ≈ -2.5 PC1, ≈ -4.3 PC2. Empathetic-familiarity side of PC1; extreme peer-critique region on PC2.",,,
NLL13,RQ1b,Lisa,QUANT,Element Position,Lisa People Grid,SU Personal Connection,"Acquaintance w/SUD (E6) ≈ 8.0 PC1, ≈ -2.0 PC2. Dysfunction pole of PC1; near Difficult Client.",,,
NRR11,RQ1b,Ramona,QUANT,Element Position,Ramona People Grid,SU Personal Connection,"Family w/SUD (E5) ≈ 7.0 PC1, ≈ 1.1 PC2. Dysfunction end; structurally adjacent to Addict, Mentally Unstable, and Narcissistic construct vectors.",,,
NRR12,RQ1b,Ramona,QUANT,Element Position,Ramona People Grid,SU Personal Connection,"Friend (E6) ≈ -3.5 PC1, ≈ -1.9 PC2. Stability side of PC1, near Self.",,,
NSS13,RQ1b,Seth,QUANT,Element Position,Seth People Grid,SU Personal Connection,"Family w/SUD (E5) ≈ 2.5 PC1, ≈ -2.6 PC2. Dissonance side of PC1; personal-closeness pole on PC2.",,,
NSS14,RQ1b,Seth,QUANT,Element Position,Seth People Grid,SU Personal Connection,"Friend (E6) ≈ -1.5 PC1, ≈ -1.7 PC2. Alignment side of PC1; near Self on both components.",,,
NRO12,RQ1b,Rose,QUANT,Element Position,Rose People Grid,SU Personal Connection,"Family w/SUD Dad (E5) ≈ 7.5 PC1, ≈ -1.1 PC2. Dominating end of PC1; near Difficult Client.",,,
NRO13,RQ1b,Rose,QUANT,Element Position,Rose People Grid,SU Personal Connection,"Another Family Mom (E6) ≈ -5.0 PC1, ≈ 3.8 PC2. Compassionate pole of PC1; extreme rigid-submission on PC2.",,,
NLL14,RQ1b,Lisa,QUANT,Element Position,Lisa People Grid,Client Element,"Strong Client Relationship (E3) ≈ -0.5 PC1, ≈ 3.0 PC2. Empathetic side of PC1; outsider-idealization region on PC2.",,,
NLL15,RQ1b,Lisa,QUANT,Element Position,Lisa People Grid,Client Element,"Difficult Client (E4) ≈ 8.5 PC1, ≈ -0.8 PC2. Most extreme dysfunction position on PC1.",,,
NLL16,RQ1b,Lisa,QUANT,Element Position,Lisa People Grid,Client Element,"Culturally Different Client (E9) ≈ 4.5 PC1, ≈ 2.7 PC2. Moderate dysfunction on PC1; outsider-idealization region on PC2.",,,
NRR13,RQ1b,Ramona,QUANT,Element Position,Ramona People Grid,Client Element,"Strong Client Relationship (E3) ≈ -4.5 PC1, ≈ 0.8 PC2. Stability side of PC1; separated from Self cluster on PC2.",,,
NRR14,RQ1b,Ramona,QUANT,Element Position,Ramona People Grid,Client Element,"Difficult Client (E4) ≈ 13.0 PC1, ≈ -1.5 PC2. Extreme dysfunction pole.",,,
NRR15,RQ1b,Ramona,QUANT,Element Position,Ramona People Grid,Client Element,"Culturally Different Client (E9) ≈ 5.0 PC1, ≈ -2.5 PC2. Dysfunction side of PC1.",,,
NSS15,RQ1b,Seth,QUANT,Element Position,Seth People Grid,Client Element,"Strong Client Relationship (E3) ≈ 2.0 PC1, ≈ 1.0 PC2. Moderate dissonance on PC1; mentor region on PC2.",,,
NSS16,RQ1b,Seth,QUANT,Element Position,Seth People Grid,Client Element,"Difficult Client (E4) ≈ 4.0 PC1, ≈ -0.2 PC2. Extreme dissonance on PC1.",,,
NSS17,RQ1b,Seth,QUANT,Element Position,Seth People Grid,Client Element,"Culturally Different Client (E9) ≈ 2.0 PC1, ≈ 1.0 PC2. Near Strong Client Relationship on both components.",,,
NRO14,RQ1b,Rose,QUANT,Element Position,Rose People Grid,Client Element,"Strong Client Relationship (E3) ≈ 4.0 PC1, ≈ 2.8 PC2. Moderate dominating on PC1; rigid-submission region on PC2.",,,
NRO15,RQ1b,Rose,QUANT,Element Position,Rose People Grid,Client Element,"Difficult Client (E4) ≈ 10.5 PC1, ≈ 0.5 PC2. Extreme dominating-self-centered pole.",,,
NRO16,RQ1b,Rose,QUANT,Element Position,Rose People Grid,Client Element,"Culturally Different Client (E9) ≈ -1.0 PC1, ≈ 0.0 PC2. Center of biplot.",,,
NLL17,RQ1b,Lisa,QUANT,Inter-Element Relationship,Lisa People Grid,E5/E6 contrast,Friend w/SUD (E5) on empathetic-familiarity side (≈ -2.5 PC1) while Acquaintance w/SUD (E6) at dysfunction pole (≈ 8.0 PC1). Both are substance users. Relational closeness rather than substance use status is the structural differentiator.,,,
NLL18,RQ1b,Lisa,QUANT,Inter-Element Relationship,Lisa People Grid,E5 to PC2,"Friend w/SUD (E5) at extreme negative PC2 (≈ -4.3), anchoring the peer-critique pole. Lisa evaluates her close substance-using friend more harshly on the secondary dimension than any other element, even while holding her near Self on the dominant dimension.",,,
NLL19,RQ1b,Lisa,QUANT,Inter-Element Relationship,Lisa People Grid,E6 to E4 proximity,Acquaintance w/SUD (E6) at ≈ 8.0 PC1 and Difficult Client (E4) at ≈ 8.5 PC1. Structurally indistinguishable on the dominant dimension.,,,
NLL20,RQ1b,Lisa,QUANT,Inter-Element Relationship,Lisa People Grid,E5 to E3 distance,Friend w/SUD (E5) at ≈ -2.5 PC1 and Strong Client Relationship (E3) at ≈ -0.5 PC1. Both on the empathetic-familiarity side. Separated by 7.3 units on PC2 (≈ -4.3 vs. ≈ 3.0).,,,
NLL21,RQ1b,Lisa,QUANT,Inter-Element Relationship,Lisa People Grid,E5 to E4 distance,Friend w/SUD (E5) at ≈ -2.5 PC1 and Difficult Client (E4) at ≈ 8.5 PC1. Maximum PC1 separation among substance-using elements.,,,
NLL22,RQ1b,Lisa,QUANT,Inter-Element Relationship,Lisa People Grid,E9 to E5/E6,"Culturally Different Client (E9) at ≈ 4.5 PC1, positioned between Friend w/SUD (≈ -2.5) and Acquaintance w/SUD (≈ 8.0). Closer to the acquaintance than the friend on the dominant dimension.",,,
NRR16,RQ1b,Ramona,QUANT,Inter-Element Relationship,Ramona People Grid,E5/E6 contrast,Family w/SUD (E5) at dysfunction pole (≈ 7.0 PC1) while Friend (E6) near Self on stability side (≈ -3.5 PC1). Substance use status is the structural differentiator.,,,
NRR17,RQ1b,Ramona,QUANT,Inter-Element Relationship,Ramona People Grid,E5 to pathology cluster,"Family w/SUD (E5) structurally adjacent to Addict (-0.762), Mentally Unstable (-0.956), and Narcissistic and Passive Aggressive (-0.911) construct vectors.",,,
NRR18,RQ1b,Ramona,QUANT,Inter-Element Relationship,Ramona People Grid,E5 to E4 distance,Family w/SUD (E5) at ≈ 7.0 PC1 and Difficult Client (E4) at ≈ 13.0 PC1. Both on the dysfunction side; E4 nearly twice as far from origin.,,,
NRR19,RQ1b,Ramona,QUANT,Inter-Element Relationship,Ramona People Grid,E5 to E3 distance,Family w/SUD (E5) at ≈ 7.0 PC1 and Strong Client Relationship (E3) at ≈ -4.5 PC1. Separated by 11.5 units on PC1. Opposite regions of the dominant dimension.,,,
NRR20,RQ1b,Ramona,QUANT,Inter-Element Relationship,Ramona People Grid,E6 to E3 proximity,Friend (E6) at ≈ -3.5 PC1 and Strong Client Relationship (E3) at ≈ -4.5 PC1. Close on PC1 (1.0 unit). Non-using personal connection and connected client share the stability region.,,,
NRR21,RQ1b,Ramona,QUANT,Inter-Element Relationship,Ramona People Grid,E5 to E9 proximity,Family w/SUD (E5) at ≈ 7.0 PC1 and Culturally Different Client (E9) at ≈ 5.0 PC1. Both on the dysfunction side (2.0 units apart).,,,
NSS18,RQ1b,Seth,QUANT,Inter-Element Relationship,Seth People Grid,E5/E6 contrast,Family w/SUD (E5) at dissonance pole (≈ 2.5 PC1) while Friend (E6) near Self on alignment side (≈ -1.5 PC1). Substance use status differentiates personal connections despite no addiction-specific constructs.,,,
NSS19,RQ1b,Seth,QUANT,Inter-Element Relationship,Seth People Grid,E5 to E4 proximity,Family w/SUD (E5) at ≈ 2.5 PC1 and Difficult Client (E4) at ≈ 4.0 PC1. Close on PC1 (1.5 units). Both on the dissonance side.,,,
NSS20,RQ1b,Seth,QUANT,Inter-Element Relationship,Seth People Grid,E5 to E3 proximity,Family w/SUD (E5) at ≈ 2.5 PC1 and Strong Client Relationship (E3) at ≈ 2.0 PC1. Nearly identical on PC1 (0.5 units). Separated by 3.6 units on PC2.,,,
NSS21,RQ1b,Seth,QUANT,Inter-Element Relationship,Seth People Grid,E5/Self PC2 closeness,"Family w/SUD (E5) and Self share the personal-closeness pole of PC2 (≈ -2.6 and ≈ -2.2), distinguishing E5 from Difficult Client (≈ -0.2 on PC2). Distanced on the theoretical axis, held close on the relational axis.",,,
NSS22,RQ1b,Seth,QUANT,Inter-Element Relationship,Seth People Grid,E9 to E3 proximity,Culturally Different Client (E9) at ≈ 2.0 PC1 and Strong Client Relationship (E3) at ≈ 2.0 PC1. Structurally identical on both axes.,,,
NRO17,RQ1b,Rose,QUANT,Inter-Element Relationship,Rose People Grid,E5/E6 contrast,Family w/SUD Dad (E5) at dominating pole (≈ 7.5 PC1). Another Family Mom (E6) at compassionate pole (≈ -5.0 PC1). Full width of PC1 within the same family. Substance use status is the structural differentiator.,,,
NRO18,RQ1b,Rose,QUANT,Inter-Element Relationship,Rose People Grid,E5 to E4 proximity,Family w/SUD Dad (E5) at ≈ 7.5 PC1 and Difficult Client (E4) at ≈ 10.5 PC1. Both at the dominating pole (3.0 units apart).,,,
NRO19,RQ1b,Rose,QUANT,Inter-Element Relationship,Rose People Grid,E5 to E3 distance,"Family w/SUD Dad (E5) at ≈ 7.5 PC1 and Strong Client Relationship (E3) at ≈ 4.0 PC1. Both on the dominating side (3.5 units on PC1), separated by 3.9 units on PC2. Same side of PC1, different treatment-philosophy regions on PC2.",,,
NRO20,RQ1b,Rose,QUANT,Inter-Element Relationship,Rose People Grid,E6 to E3 distance,Another Family Mom (E6) at ≈ -5.0 PC1 and Strong Client Relationship (E3) at ≈ 4.0 PC1. Opposite sides of PC1 (9.0 units).,,,
NRO21,RQ1b,Rose,QUANT,Inter-Element Relationship,Rose People Grid,E9 positioning,"Culturally Different Client (E9) at ≈ -1.0 PC1, near the center. Structurally distinct from Family w/SUD Dad (≈ 7.5) and Difficult Client (≈ 10.5).",,,
QL1,RQ2,Lisa,QUAL,IPA Theme,GET 2.1,Nonlinear pathway,"Career traversed English degree, 18 years in the music industry, and 11 years as stay-at-home mother; framed non-clinical background as asset exposing her to 'all kinds of people from all kinds of backgrounds'",,,
QL2,RQ2,Lisa,QUAL,IPA Theme,GET 2.2,Credential accumulation,Ongoing degree accumulation as professional habit; 'three more degrees' completed and a sixth planned; self-correction suggests she has lost count,,,
QL3,RQ2,Lisa,QUAL,IPA Theme,GET 3.1,Self-positioning re: substances,"Generational framing of personal experimentation; 'I confess, I smoked a bit of old-fashioned grass and probably took quaaludes a few times'; mock-guilty acknowledgment without pathologizing",,,
QL4,RQ2,Lisa,QUAL,IPA Theme,GET 3.2,Credential question (indirect),Supervisory narrative about trainee assigned to anorexic clients despite visible characteristic mismatch; 'you've lost your credibility instantly'; reveals awareness that credibility is a constructed perception,,,
QL5,RQ2,Lisa,QUAL,IPA Theme,GET 5.1,Theoretical orientation as identity,"Harm reduction as conscious, explicit identity declaration; 'I take a harm reduction stance'; affective attachment to specific theorists (Tatarski, Peele)",,,
QL6,RQ2,Lisa,QUAL,IPA Theme,GET 2,Cross-participant pattern,"Professional identity as ongoing project assembled through credential accumulation, comparison to ideal models; absence of recovery prevents anchoring in singular transformative narrative",,,
QR1,RQ2,Ramona,QUAL,IPA Theme,GET 2.1,Self-constructed pathway,"Graduate program offered no substance use training; advocated for voluntary, unpaid second internship; 'I kind of went in there and made it work for me, actually'",,,
QR2,RQ2,Ramona,QUAL,IPA Theme,GET 2.1,Cooperative formative experience,Developed alongside supervisor Robin who was also new to the role; cooperative arrangement lacking clear hierarchy; likely informed egalitarian therapeutic stance,,,
QR3,RQ2,Ramona,QUAL,IPA Theme,GET 2.2,Education as legitimacy,Elicited 'educated versus non-educated' construct during grid; hesitant to acknowledge its presence; introduced nuance that intelligence exists independently of formal education ('she's a smart cookie'),,,
QR4,RQ2,Ramona,QUAL,IPA Theme,GET 2.3,Ideal Self refinement,"Initially aligned aspirations with clinical supervisors, then self-corrected; 'I also never want to be in a clinical, supervisory role... Maybe the colleague'; rejected hierarchical role, aligned Ideal Self with peer",,,
QR5,RQ2,Ramona,QUAL,IPA Theme,GET 2.3,Leadership reframe,Reframed leadership as service; 'I strive to be as a leader for my clients'; recognized necessity of leadership in group work while rejecting positional authority,,,
QR6,RQ2,Ramona,QUAL,IPA Theme,GET 3.1,Self in relation to addiction,"Liminal substance history translated into therapeutic stance; 'we' language as refusal to other clients; 'when we get ourselves in these positions, when we are actively using' [also serves RQ3]",,,
QR7,RQ2,Ramona,QUAL,IPA Theme,GET 3.1,Alternative credential pathway,Identified colleague whose parents were both in recovery; validated familial proximity as legitimate alternative credential; 'that's what makes her a good counselor',,,
QR8,RQ2,Ramona,QUAL,IPA Theme,GET 3.2,Credential question (direct),Estimated one in five clients directly asked whether she was in recovery; persistent challenges to professional authority from clients,,,
QS1,RQ2,Seth,QUAL,IPA Theme,GET 2.1,Incidental entry,Encountered field through internship placement at adolescent group-care facility; 'never heard of substance use counseling at the time',,,
QS2,RQ2,Seth,QUAL,IPA Theme,GET 2.2,Education as legitimacy,"Explicitly linked credibility to formal credentials and licensure; 'Professional credibility in terms of education...certification basis, or licensure'; educational attainment distinguished him in regional context with many entry-level practitioners",,,
QS3,RQ2,Seth,QUAL,IPA Theme,GET 2.2,Limits of credentials,"Recognized gap between credentials and competence; 'Two different CRSs with the same education. One is a little bit more professional'; 'the papers that you show me, like, that's something, but...'",,,
QS4,RQ2,Seth,QUAL,IPA Theme,GET 2.3,Developmental self-assessment,"'Advanced for where I'm at, but generally, like, still intermediate'; contextualized within six to seven years of experience; compared self against 50-year Hazelden veteran",,,
QS5,RQ2,Seth,QUAL,IPA Theme,GET 2.3,Ideal Self as aspiration,Named Ideal Self as 'a later on type of thing'; 'Always trying to kind of push forward versus being stagnant'; 'Hope that never changes'; aspires to remain in ongoing becoming,,,
QS6,RQ2,Seth,QUAL,IPA Theme,GET 3.2,Recovery as social capital,Observed recovery history functioning as social capital in recovery-dominant workplace culture; deliberated about self-disclosure across institutional settings; engaged in online discussions with counselors from varying recovery backgrounds,,,
QS7,RQ2,Seth,QUAL,IPA Theme,GET 5.1,Theoretical orientation as identity,Distanced self from disease model; defined professional standing through evidence-based biopsychosocial orientation; theoretical commitment served as primary lens for evaluating others,,,
QR0-1,RQ2,Rose,QUAL,IPA Theme,GET 2.1,Delayed pathway,Wanted to help others for years before formal training; delayed by family responsibilities and husband's military career; credential trajectory spanning a decade from associate's through master's in Social Work,,,
QR0-2,RQ2,Rose,QUAL,IPA Theme,GET 2.2,Training gaps,Acknowledged limitations in formal training; 'I wasn't specifically trained on modalities like CBT... There's a lot of Motivational Interviewing'; framed ongoing development as supplement to credentials,,,
QR0-3,RQ2,Rose,QUAL,IPA Theme,GET 3.1,Self-positioning re: substances,Applied clinical lens retrospectively to own past substance use; distinguished former recreational use from current nicotine dependence; non-defensive self-examination,,,
QR0-4,RQ2,Rose,QUAL,IPA Theme,GET 3.1,Parallel credential challenge,"Drew parallel between non-recovering credential question and work with military populations; 'I only have the experience, again, secondhand. Because my husband and my children are in the military'",,,
QR0-5,RQ2,Rose,QUAL,IPA Theme,GET 3.2,Legitimacy anxiety,Described fear of being unable to relate as 'the biggest fear of mine' early in career; fear revolved around relational capacity; intensified by prevalence of recovering counselors in training program,,,
QR0-6,RQ2,Rose,QUAL,IPA Theme,GET 3.3,Fear resolution,Discovered challenges occurred less frequently than feared; 'I can't count on both hands how many times I was asked if I'm in recovery'; 'I've been only asked twice in four years',,,
QR0-7,RQ2,Rose,QUAL,IPA Theme,GET 3.3,Redefinition of experience,"Reframed family-of-origin exposure as alternative experiential credential; 'It has grown my confidence... I have lived experienced with different kinds, if that makes sense'",,,
QR0-8,RQ2,Rose,QUAL,IPA Theme,GET 3,Marginalized identity positioning,Positioned self alongside colleague of color rather than White supervisor; drew on immigrant background as marginalized-group membership; 'How I came in technically part of a marginalized group... Tom's dominant',,,
QR0-9,RQ2,Rose,QUAL,IPA Theme,GET 5.1,Theoretical orientation as identity,Grounded approach in Motivational Interviewing as non-judgmental framework; self-corrected from 'cultural competence' to 'cultural humility'; 'That's the ideal',,,
Q1,RQ2,Lisa,QUANT,Principal Component,Lisa People Grid,PC1,PC1: Empathetic Familiarity vs. Dysfunctionally Distanced (74.36% variance). Dominant dimension organizes people through interpersonal warmth and proximity to self.,,,
Q2,RQ2,Lisa,QUANT,Principal Component,Lisa People Grid,PC2,PC2: Peer Critique vs. Outsider Idealization (12.93% variance). Secondary dimension separates demographic peers from culturally different or younger individuals along an evaluative axis.,,,
Q3,RQ2,Lisa,QUANT,Construct Loading,Lisa People Grid,PC1/PC2,Close to Self vs. Avoidance — PC1 = 0.984; PC2 = --,,,
Q4,RQ2,Lisa,QUANT,Construct Loading,Lisa People Grid,PC1/PC2,"Patient, Empathetic, Compassionate vs. Biased, Paranoid — PC1 = 0.956; PC2 = -0.181",,,
Q5,RQ2,Lisa,QUANT,Construct Loading,Lisa People Grid,PC1/PC2,Authentic vs. Inauthentic — PC1 = 0.933; PC2 = -0.134,,,
Q6,RQ2,Lisa,QUANT,Construct Loading,Lisa People Grid,PC1/PC2,Fulfilling Life vs. Unfulfilled Life — PC1 = 0.892; PC2 = --,,,
Q7,RQ2,Lisa,QUANT,Construct Loading,Lisa People Grid,PC1/PC2,Culturally Similar vs. Culturally Different — PC1 = 0.790; PC2 = 0.549,,,
Q8,RQ2,Lisa,QUANT,Construct Loading,Lisa People Grid,PC1/PC2,Similar in Age vs. Younger Age — PC1 = 0.754; PC2 = 0.625,,,
Q9,RQ2,Lisa,QUANT,Construct Loading,Lisa People Grid,PC1/PC2,"Arrogant, Rude vs. Polite, Respectful — PC1 = -0.865; PC2 = 0.272",,,
Q10,RQ2,Lisa,QUANT,Construct Loading,Lisa People Grid,PC1/PC2,Makes Poor Choices vs. Makes Better Choices — PC1 = -0.678; PC2 = 0.460,,,
Q11,RQ2,Lisa,QUANT,Element Position,Lisa People Grid,Self (E1),"Self (E1) ≈ -6.5 PC1, ≈ -1.0 PC2",,,
Q12,RQ2,Lisa,QUANT,Element Position,Lisa People Grid,Ideal Self (E2),"Ideal Self (E2) ≈ -7.0 PC1, ≈ -1.0 PC2",,,
Q13,RQ2,Lisa,QUANT,Element Position,Lisa People Grid,Strong Client (E3),"Strong Client Relationship (E3) ≈ 0.0 PC1, ≈ +3.0 PC2",,,
Q14,RQ2,Lisa,QUANT,Element Position,Lisa People Grid,Difficult Client (E4),"Difficult Client (E4) ≈ +8.0 PC1, ≈ -1.0 PC2",,,
Q15,RQ2,Lisa,QUANT,Element Position,Lisa People Grid,Friend w/SUD (E5),"Friend w/SUD (E5) ≈ -2.0 PC1, ≈ -4.3 PC2",,,
Q16,RQ2,Lisa,QUANT,Element Position,Lisa People Grid,Acquaintance w/SUD (E6),"Acquaintance w/SUD (E6) ≈ +8.0 PC1, ≈ -2.1 PC2",,,
Q17,RQ2,Lisa,QUANT,Element Position,Lisa People Grid,Supervisor (E7),"Supervisor (E7) ≈ -5.0 PC1, ≈ +1.5 PC2",,,
Q18,RQ2,Lisa,QUANT,Element Position,Lisa People Grid,Admired Colleague (E8),"Admired Colleague (E8) ≈ -2.5 PC1, ≈ +3.1 PC2",,,
Q19,RQ2,Lisa,QUANT,Element Position,Lisa People Grid,Culturally Different Client (E9),"Culturally Different Client (E9) ≈ +5.0 PC1, ≈ +2.7 PC2",,,
Q20,RQ2,Lisa,QUANT,Element Position,Lisa People Grid,Disagreeable Colleague (E10),"Disagreeable Colleague (E10) ≈ +5.0 PC1, ≈ -1.0 PC2",,,
Q21,RQ2,Lisa,QUANT,Element Distance,Lisa People Grid,Self-Ideal Self,"≈ 0.5 units on PC1, negligible on PC2. High congruence between current and aspirational professional selves.",,,
Q22,RQ2,Lisa,QUANT,Element Distance,Lisa People Grid,Self-Admired Colleague,PC1 ≈ 4.0 units (same pole); PC2 ≈ 4.1 units (opposite ends). Admired Colleague shares primary warmth-familiarity orientation with Self; secondary dimension separates them.,,,
Q23,RQ2,Lisa,QUANT,Element Distance,Lisa People Grid,Self-Supervisor,PC1 ≈ 1.5 units (same pole); PC2 ≈ 2.5 units. Supervisor shares primary orientation with Self; moderate secondary separation.,,,
Q24,RQ2,Lisa,QUANT,Element Distance,Lisa People Grid,Admired Colleague-Ideal Self,PC1 ≈ 4.5 units; PC2 ≈ 4.1 units. Admired Colleague and Ideal Self occupy the same PC1 pole but different PC2 positions.,,,
Q25,RQ2,Ramona,QUANT,Principal Component,Ramona People Grid,PC1,"PC1: Psychological Stability vs. Dysfunctional Pathology (61.59% variance). Dominant dimension fuses interpersonal warmth, psychological stability, educational standing, and professional competence.",,,
Q26,RQ2,Ramona,QUANT,Principal Component,Ramona People Grid,PC2,PC2: Investment in Masculinity vs. Disengaged with Femininity (14.91% variance). Secondary dimension distributes relational energy along gendered lines.,,,
Q27,RQ2,Ramona,QUANT,Construct Loading,Ramona People Grid,PC1/PC2,Mentally Unstable vs. Mental Stability — PC1 = -0.956; PC2 = -0.203,,,
Q28,RQ2,Ramona,QUANT,Construct Loading,Ramona People Grid,PC1/PC2,Narcissistic and Passive Aggressive vs. Agreeable and Selfless — PC1 = -0.911; PC2 = 0.021,,,
Q29,RQ2,Ramona,QUANT,Construct Loading,Ramona People Grid,PC1/PC2,"Naturally Warm and Empathetic vs. Blunt, Abrupt, Not Warm — PC1 = 0.886; PC2 = 0.163",,,
Q30,RQ2,Ramona,QUANT,Construct Loading,Ramona People Grid,PC1/PC2,Leadership Qualities vs. Non-Leader — PC1 = 0.852; PC2 = -0.194,,,
Q31,RQ2,Ramona,QUANT,Construct Loading,Ramona People Grid,PC1/PC2,Educated vs. Not Educated — PC1 = 0.804; PC2 = -0.251,,,
Q32,RQ2,Ramona,QUANT,SU Construct Loading,Ramona People Grid,PC1/PC2,Addict vs. Non-Addict — PC1 = -0.762; PC2 = 0.098,,,
Q33,RQ2,Ramona,QUANT,Construct Loading,Ramona People Grid,PC1/PC2,"Likes Them, Invests Energy Into Relationship vs. Dislikes, Doesn't Invest — PC1 = 0.577; PC2 = 0.658",,,
Q34,RQ2,Ramona,QUANT,Construct Loading,Ramona People Grid,PC1/PC2,Masculine vs. Feminine — PC1 = -0.336; PC2 = 0.762,,,
Q35,RQ2,Ramona,QUANT,Element Position,Ramona People Grid,Self (E1),"Self (E1) ≈ -5.0 PC1, ≈ -0.4 PC2",,,
Q36,RQ2,Ramona,QUANT,Element Position,Ramona People Grid,Ideal Self (E2),"Ideal Self (E2) ≈ -5.0 PC1, ≈ +0.1 PC2",,,
Q37,RQ2,Ramona,QUANT,Element Position,Ramona People Grid,Strong Client (E3),"Strong Client Relationship (E3) ≈ -3.0 PC1, ≈ +0.8 PC2",,,
Q38,RQ2,Ramona,QUANT,Element Position,Ramona People Grid,Difficult Client (E4),"Difficult Client (E4) ≈ +13.0 PC1, ≈ -1.6 PC2",,,
Q39,RQ2,Ramona,QUANT,Element Position,Ramona People Grid,Family w/SUD (E5),"Family w/SUD (E5) ≈ +7.0 PC1, ≈ +1.1 PC2",,,
Q40,RQ2,Ramona,QUANT,Element Position,Ramona People Grid,Friend (E6),"Friend (E6) ≈ -3.0 PC1, ≈ -1.9 PC2",,,
Q41,RQ2,Ramona,QUANT,Element Position,Ramona People Grid,Supervisor (E7),"Supervisor (E7) ≈ -5.0 PC1, ≈ +2.5 PC2",,,
Q42,RQ2,Ramona,QUANT,Element Position,Ramona People Grid,Admired Colleague (E8),"Admired Colleague (E8) ≈ -8.0 PC1, ≈ -0.4 PC2",,,
Q43,RQ2,Ramona,QUANT,Element Position,Ramona People Grid,Culturally Different Client (E9),"Culturally Different Client (E9) ≈ +8.0 PC1, ≈ -2.4 PC2",,,
Q44,RQ2,Ramona,QUANT,Element Position,Ramona People Grid,Disagreeable Colleague (E10),"Disagreeable Colleague (E10) ≈ +4.0 PC1, ≈ +2.2 PC2",,,
Q45,RQ2,Ramona,QUANT,Element Distance,Ramona People Grid,Self-Ideal Self,"≈ 0.0 units on PC1, ≈ 0.5 units on PC2. High congruence between current and aspirational professional selves.",,,
Q46,RQ2,Ramona,QUANT,Element Distance,Ramona People Grid,Self-Admired Colleague,"PC1 ≈ 3.0 units (same pole, Admired Colleague further along); PC2 ≈ 0.0 units. Admired Colleague exceeds Self on the dominant dimension; identical positioning on PC2.",,,
Q47,RQ2,Ramona,QUANT,Element Distance,Ramona People Grid,Self-Supervisor,PC1 ≈ 0.0 units (same position); PC2 ≈ 2.9 units. Supervisor shares primary stability-warmth orientation; separated on gendered relational investment dimension.,,,
Q48,RQ2,Ramona,QUANT,Element Distance,Ramona People Grid,Admired Colleague-Ideal Self,PC1 ≈ 3.0 units (same pole); PC2 ≈ 0.5 units. Admired Colleague sits further along PC1 than Ideal Self.,,,
Q49,RQ2,Ramona,QUANT,Element Distance,Ramona People Grid,Self-Friend (E6),PC1 ≈ 2.0 units (same pole); PC2 ≈ 1.5 units. Non-SUD Friend held within professional self-concept region on PC1.,,,
Q50,RQ2,Seth,QUANT,Principal Component,Seth People Grid,PC1,"PC1: Holistic Alignment vs. Frustrating Dissonance (63.6% variance). Dominant dimension fuses theoretical orientation, ethical evaluation, interpersonal compatibility, and educational credibility.",,,
Q51,RQ2,Seth,QUANT,Principal Component,Seth People Grid,PC2,PC2: Less-Skilled Personal Relationships vs. Aligned Mentors (19.6% variance). Secondary dimension captures developmental split between personal-potential and professional-aspirational relationships.,,,
Q52,RQ2,Seth,QUANT,Construct Loading,Seth People Grid,PC1/PC2,Agreeable Approach to Life vs. Conflicting Approach to Life — PC1 = 0.402; PC2 = 0.104,,,
Q53,RQ2,Seth,QUANT,Construct Loading,Seth People Grid,PC1/PC2,Refreshing to Spend Time with vs. Frustrating to Spend Time with — PC1 = 0.399; PC2 = -0.047,,,
Q54,RQ2,Seth,QUANT,Construct Loading,Seth People Grid,PC1/PC2,Biopsychosocial Model vs. Disease Model of Addiction — PC1 = 0.382; PC2 = -0.109,,,
Q55,RQ2,Seth,QUANT,Construct Loading,Seth People Grid,PC1/PC2,Aligns With My Approach vs. Disaligned with my Approach — PC1 = 0.371; PC2 = -0.400,,,
Q56,RQ2,Seth,QUANT,Construct Loading,Seth People Grid,PC1/PC2,Ethical Behavior vs. Unethical Behavior — PC1 = 0.367; PC2 = -0.132,,,
Q57,RQ2,Seth,QUANT,Construct Loading,Seth People Grid,PC1/PC2,Educational Credibility vs. Less Reliant on Credentials — PC1 = 0.353; PC2 = -0.075,,,
Q58,RQ2,Seth,QUANT,Construct Loading,Seth People Grid,PC1/PC2,Current Skills vs. Future/Potential Skills — PC1 = 0.202; PC2 = -0.593,,,
Q59,RQ2,Seth,QUANT,Construct Loading,Seth People Grid,PC1/PC2,Personal Relationship vs. Professional Relationship — PC1 = 0.256; PC2 = 0.483,,,
Q60,RQ2,Seth,QUANT,Construct Loading,Seth People Grid,PC1/PC2,Close in Age vs. Different in Age — PC1 = 0.173; PC2 = 0.605,,,
Q61,RQ2,Seth,QUANT,Dual-Loading Construct,Seth People Grid,PC1/PC2,Aligns With My Approach loads on both PC1 (0.371) and PC2 (-0.400). Theoretical alignment functions as both interpersonal evaluative criterion (PC1) and developmental aspiration marker (PC2).,,,
Q62,RQ2,Seth,QUANT,Element Position,Seth People Grid,Self (E1),"Self (E1) ≈ -3.0 PC1, ≈ -2.2 PC2",,,
Q63,RQ2,Seth,QUANT,Element Position,Seth People Grid,Ideal Self (E2),"Ideal Self (E2) ≈ -4.0 PC1, ≈ +0.9 PC2",,,
Q64,RQ2,Seth,QUANT,Element Position,Seth People Grid,Strong Client (E3),"Strong Client Relationship (E3) ≈ +2.0 PC1, ≈ +1.1 PC2",,,
Q65,RQ2,Seth,QUANT,Element Position,Seth People Grid,Difficult Client (E4),"Difficult Client (E4) ≈ +4.5 PC1, ≈ -0.2 PC2",,,
Q66,RQ2,Seth,QUANT,Element Position,Seth People Grid,Family w/SUD (E5),"Family w/SUD (E5) ≈ +1.5 PC1, ≈ -2.7 PC2",,,
Q67,RQ2,Seth,QUANT,Element Position,Seth People Grid,Friend (E6),"Friend (E6) ≈ -1.5 PC1, ≈ -1.7 PC2",,,
Q68,RQ2,Seth,QUANT,Element Position,Seth People Grid,Supervisor (E7),"Supervisor (E7) ≈ -2.5 PC1, ≈ +1.9 PC2",,,
Q69,RQ2,Seth,QUANT,Element Position,Seth People Grid,Admired Colleague (E8),"Admired Colleague (E8) ≈ -2.0 PC1, ≈ +2.4 PC2",,,
Q70,RQ2,Seth,QUANT,Element Position,Seth People Grid,Culturally Different Client (E9),"Culturally Different Client (E9) ≈ +3.0 PC1, ≈ +1.0 PC2",,,
Q71,RQ2,Seth,QUANT,Element Position,Seth People Grid,Disagreeable Colleague (E10),"Disagreeable Colleague (E10) ≈ +3.5 PC1, ≈ -0.6 PC2",,,
Q72,RQ2,Seth,QUANT,Element Distance,Seth People Grid,Self-Ideal Self,"PC1 ≈ 1.0 unit (same pole); PC2 ≈ 3.1 units. Largest Self-Ideal Self separation in the study, occurring on the developmental axis.",,,
Q73,RQ2,Seth,QUANT,Element Distance,Seth People Grid,Self-Admired Colleague,PC1 ≈ 1.0 unit (same pole); PC2 ≈ 4.6 units. Admired Colleague anchors the extreme mentor end of PC2.,,,
Q74,RQ2,Seth,QUANT,Element Distance,Seth People Grid,Self-Supervisor,PC1 ≈ 0.5 units (same pole); PC2 ≈ 4.1 units. Supervisor sits near Admired Colleague and Ideal Self at the aligned-mentor end of PC2.,,,
Q75,RQ2,Seth,QUANT,Element Distance,Seth People Grid,Admired Colleague-Ideal Self,PC1 ≈ 2.0 units (same pole); PC2 ≈ 1.5 units. Admired Colleague and Ideal Self cluster at the mentor end of PC2.,,,
Q76,RQ2,Seth,QUANT,Element Distance,Seth People Grid,Self-Friend (E6),PC1 ≈ 1.5 units (same pole); PC2 ≈ 0.5 units. Friend clusters with Self at the personal-potential end of both dimensions.,,,
Q77,RQ2,Rose,QUANT,Principal Component,Rose People Grid,PC1,PC1: Compassionate Cultural Awareness vs. Dominating Self-Centeredness (49.9% variance). Dominant dimension organizes professional identity around social-justice orientation.,,,
Q78,RQ2,Rose,QUANT,Principal Component,Rose People Grid,PC2,PC2: Rigid Program Submission vs. Assertive Cultural Competence (19.6% variance). Secondary dimension captures treatment philosophy tension between AA adherence and individualized cultural competence.,,,
Q79,RQ2,Rose,QUANT,Principal Component,Rose People Grid,PC3,PC3: Mainstream Openness vs. Marginalized Rigidity (13.23% variance). Tertiary dimension links open-mindedness to dominant culture positioning and marginalized culture to rigidity. Not addressed in qualitative data.,,,
Q80,RQ2,Rose,QUANT,Construct Loading,Rose People Grid,PC1/PC2/PC3,Caring About Others vs. Self-Centered — PC1 = 0.469; PC2 = -0.012; PC3 = 0.065,,,
Q81,RQ2,Rose,QUANT,Construct Loading,Rose People Grid,PC1/PC2/PC3,Marginalized Culture vs. Dominant Culture — PC1 = 0.363; PC2 = -0.117; PC3 = -0.422,,,
Q82,RQ2,Rose,QUANT,Construct Loading,Rose People Grid,PC1/PC2/PC3,Culturally Competent vs. Neglects Importance of Culture — PC1 = 0.323; PC2 = -0.528; PC3 = 0.177,,,
Q83,RQ2,Rose,QUANT,Construct Loading,Rose People Grid,PC1/PC2/PC3,Open-Minded vs. Rigid — PC1 = 0.285; PC2 = -0.192; PC3 = 0.747,,,
Q84,RQ2,Rose,QUANT,Construct Loading,Rose People Grid,PC1/PC2/PC3,Adherence to AA/1 Size Fits All vs. Individualized Treatment — PC1 = 0.075; PC2 = 0.671; PC3 = 0.233,,,
Q85,RQ2,Rose,QUANT,Construct Loading,Rose People Grid,PC1/PC2/PC3,Dominating Behavior vs. Submissive Behavior — PC1 = -0.366; PC2 = -0.441; PC3 = -0.134,,,
Q86,RQ2,Rose,QUANT,Construct Loading,Rose People Grid,PC1/PC2/PC3,Significant AUD vs. Abstinence — PC1 = -0.384; PC2 = 0.120; PC3 = 0.342,,,
Q87,RQ2,Rose,QUANT,Construct Loading,Rose People Grid,PC1/PC2/PC3,Masculine vs. Feminine — PC1 = -0.420; PC2 = -0.160; PC3 = 0.197,,,
Q88,RQ2,Rose,QUANT,Dual-Loading Construct,Rose People Grid,PC1/PC2,Culturally Competent loads on both PC1 (0.323) and PC2 (-0.528). Cultural competence functions as both a values-identity marker (PC1) and a treatment philosophy marker (PC2).,,,
Q89,RQ2,Rose,QUANT,Dual-Loading Construct,Rose People Grid,PC1/PC2,Dominating Behavior loads on both PC1 (-0.366) and PC2 (-0.441). Dominance anchors the self-centeredness pole on PC1 and the assertive-competence pole on PC2.,,,
Q90,RQ2,Rose,QUANT,Dual-Loading Construct,Rose People Grid,PC1/PC3,Marginalized Culture loads on both PC1 (0.363) and PC3 (-0.422). Marginalized positioning contributes to the compassionate-awareness pole on PC1 and to the rigidity pole on PC3.,,,
Q91,RQ2,Rose,QUANT,Element Position,Rose People Grid,Self (E1),"Self (E1) ≈ -4.0 PC1, ≈ -1.5 PC2",,,
Q92,RQ2,Rose,QUANT,Element Position,Rose People Grid,Ideal Self (E2),"Ideal Self (E2) ≈ -3.0 PC1, ≈ -2.0 PC2",,,
Q93,RQ2,Rose,QUANT,Element Position,Rose People Grid,Strong Client (E3),"Strong Client Relationship (E3) ≈ +3.0 PC1, ≈ +2.8 PC2",,,
Q94,RQ2,Rose,QUANT,Element Position,Rose People Grid,Difficult Client (E4),"Difficult Client (E4) ≈ +10.0 PC1, ≈ +0.5 PC2",,,
Q95,RQ2,Rose,QUANT,Element Position,Rose People Grid,Family w/SUD Dad (E5),"Family w/SUD Dad (E5) ≈ +7.0 PC1, ≈ -1.1 PC2",,,
Q96,RQ2,Rose,QUANT,Element Position,Rose People Grid,Another Family Mom (E6),"Another Family Mom (E6) ≈ -5.0 PC1, ≈ +3.8 PC2",,,
Q97,RQ2,Rose,QUANT,Element Position,Rose People Grid,Supervisor (E7),"Supervisor (E7) ≈ +5.0 PC1, ≈ -1.6 PC2",,,
Q98,RQ2,Rose,QUANT,Element Position,Rose People Grid,Admired Colleague (E8),"Admired Colleague (E8) ≈ -8.0 PC1, ≈ -2.0 PC2",,,
Q99,RQ2,Rose,QUANT,Element Position,Rose People Grid,Culturally Different Client (E9),"Culturally Different Client (E9) ≈ -2.0 PC1, ≈ 0.0 PC2",,,
Q100,RQ2,Rose,QUANT,Element Position,Rose People Grid,Disagreeable Colleague (E10),"Disagreeable Colleague (E10) ≈ -2.0 PC1, ≈ +1.3 PC2",,,
Q101,RQ2,Rose,QUANT,Element Distance,Rose People Grid,Self-Ideal Self,Euclidean ≈ 1.1 units. PC1 ≈ 1.0 unit; PC2 ≈ 0.5 units. Modest distance indicates high congruence.,,,
Q102,RQ2,Rose,QUANT,Element Distance,Rose People Grid,Self-Admired Colleague,"PC1 ≈ 4.0 units (same pole, Admired Colleague further along); PC2 ≈ 0.5 units.",,,
Q103,RQ2,Rose,QUANT,Element Distance,Rose People Grid,Self-Supervisor,PC1 ≈ 9.0 units (opposite poles). Largest Self-Supervisor distance in the study. PC2 ≈ 0.1 units.,,,
Q104,RQ2,Rose,QUANT,Element Distance,Rose People Grid,Admired Colleague-Ideal Self,PC1 ≈ 5.0 units (same pole); PC2 ≈ 0.0 units. Admired model extends substantially further on cultural-awareness dimension.,,,
Q105,RQ2,Rose,QUANT,Element Distance,Rose People Grid,Self-Another Family Mom (E6),PC1 ≈ 1.0 unit (same pole); PC2 ≈ 5.3 units (opposite ends). Mom shares cultural-awareness values (PC1 proximity) but occupies the extreme rigid-submission end of the treatment philosophy dimension (PC2).,,,
QL-1,RQ3,Lisa,QUAL,IPA Theme,GET 1.4,Authenticity in session,"'I've always been authentic... if you ask her how are you, you're going to get a real answer.'",,,
QL-2,RQ3,Lisa,QUAL,IPA Theme,GET 1.4,Humanizing values in clinical behavior,"'On the periphery of other people using drugs for a long time... the people that get in that kind of situation are, you know, our brothers, sisters, next-door neighbors.'",,,
QL-3,RQ3,Lisa,QUAL,IPA Theme,GET 1.4,Personal history integrated into therapeutic presence,'All of these constructs inform my practice in one way or another.',,,
QL-4,RQ3,Lisa,QUAL,IPA Theme,GET 5.3,Collaborative framing; egalitarianism,"'The most important thing to me is that we're working on the client's goals, not my goals.'",,,
QL-5,RQ3,Lisa,QUAL,IPA Theme,GET 5.3,Empowerment as relational scaffolding,"'While there may well be a higher power above, the power is within yourself.'",,,
QL-6,RQ3,Lisa,QUAL,IPA Theme,GET 5.3,Countertransference around abstinence,"'My goal is, Hey, quit using coke today.... But that's not necessarily doable... If they try to do that right away they often fail.'",,,
QL-7,RQ3,Lisa,QUAL,IPA Theme,GET 5.3,Collaborative goal-setting,'How much could you cut down by this week? See how that goes.',,,
QL-8,RQ3,Lisa,QUAL,IPA Theme,GET 5.3,Client autonomy enacted,"'If someone is very keen on AA, I'll metaphorically drive them to the meetings myself.'",,,
QL-9,RQ3,Lisa,QUAL,IPA Theme,GET 5.3,Clinical judgment shaping intervention,"'I've been drinking two bottles of wine a day, and now I'm going to drink nothing. Well, first of all, that could be physically dangerous.'",,,
QL-10,RQ3,Lisa,QUAL,IPA Theme,GET 5.4,Hierarchy management; rejection of othering,'When people like Hannah would avoid clients at all costs... you're treating clients as somebody different to you.',,,
QL-11,RQ3,Lisa,QUAL,IPA Theme,GET 5.4,Egalitarianism as intervention,"'It can contribute in a small way to their self-respect, because you're treating them like anybody else.'",,,
QL-12,RQ3,Lisa,QUAL,IPA Theme,GET 5.4,Humanizing values with structurally different clients,'There's a person in front of me. Don't really care where they come from.',,,
QL-13,RQ3,Lisa,QUAL,IPA Theme,GET 5.4,Boundary calibration; alliance maintenance,"'There are a very few [clients] that I've felt threatened by, and I probably would avoid them, but the rest of my clients, I don't avoid them.'",,,
QL-14,RQ3,Lisa,QUAL,IPA Theme,GET 5.4,Hierarchy management enacted,'You're putting yourself in a more powerful position... Whereas if you just act normal with people...',,,
QL-15,RQ3,Lisa,QUAL,IPA Theme,GET 5.4,Core relational stance,"'I try to be patient, empathetic, and compassionate... or else I really better quit.'",,,
QL-16,RQ3,Lisa,QUAL,IPA Theme,GET 5.4,Cultural responsiveness,'You've got to develop tolerance... see people as individuals... not make assumptions about who they are based on their background.',,,
QL-17,RQ3,Lisa,QUAL,IPA Theme,GET 5.4,Relational warmth; countertransference,'I often do feel rather motherly towards some of my clients.',,,
QL-18,RQ3,Lisa,QUAL,IPA Theme,GET 5.4,Cultural responsiveness; rupture avoidance,"Description of Hannah's reaction to a trans client's compliment, contrasted with 'What a nice compliment... what's the harm in saying Mark's and Spencer's are great for skirts?'",,,
QL-19,RQ3,Lisa,QUAL,IPA Theme,GET 5.4,Authenticity tied to alliance quality,'She was one of those people who isn't authentic with clients... clients really actually hate that once they figure it out.',,,
QL-20,RQ3,Lisa,QUAL,IPA Theme,GET 5.4,Boundary modeling for community encounters,'This was modeled for me when I was training years ago... occasionally I'd see him in the post office.',,,
QL-21,RQ3,Lisa,QUAL,IPA Theme,GET 5.5,Boundary maintenance outside session,"'I know the rules. I didn't start saying, Oh, Mike, I've had a terrible weekend!'",,,
QL-22,RQ3,Lisa,QUAL,IPA Theme,GET 3.2,Clinician characteristics and in-session credibility,Supervisory narrative regarding the trainee assigned to anorexic clients and credibility loss.,,,
QR-1,RQ3,Ramona,QUAL,IPA Theme,GET 1.4,'We' language; collaborative framing,"'I do align myself with clients, and when I'm talking with them, I do say we.... when we get ourselves in these positions, when we are actively using.'",,,
QR-2,RQ3,Ramona,QUAL,IPA Theme,GET 3.1,Distinct construal lens for clients,"'Me, how I see myself as a role of a counselor versus the other family member, how I view them, and how I view the client, is different.'",,,
QR-3,RQ3,Ramona,QUAL,IPA Theme,GET 3.2,Recurring in-session rupture around credentials,"'One out of every five clients is, Are you an addict? Are you a person in recovery? And I'm faced with, like, this...'",,,
QR-4,RQ3,Ramona,QUAL,IPA Theme,GET 3.3,Rupture-and-repair through asserting capacity,"'How do you get to sit here and tell me what I need to do... And I'm like, Yeah, I do, though.'",,,
QR-5,RQ3,Ramona,QUAL,IPA Theme,GET 2.3,Leadership reframed as service,"'Like the ideal counselor, I strive to be as a leader for my clients.'",,,
QR-6,RQ3,Ramona,QUAL,IPA Theme,GET 2.3,Hierarchy management in group context,'When I'm running Groups... I am leading them in understanding.',,,
QR-7,RQ3,Ramona,QUAL,IPA Theme,GET 2.3,Relational influence toward growth,'I want to lead this client in the right direction... who I have seen go and become a leader in NA and AA Groups.',,,
QR-8,RQ3,Ramona,QUAL,IPA Theme,GET 5.4,Rejection of hierarchy enacted,'I don't do this thing where I'm better than. I don't bring that into my counseling experience... that feels icky to me to even say that.',,,
QR-9,RQ3,Ramona,QUAL,IPA Theme,GET 5.4,Egalitarianism as relational commitment,'I don't ever want to be superior than the people that I work with.',,,
QR-10,RQ3,Ramona,QUAL,IPA Theme,GET 5.4,Balancing empathy and directness,"'Like, naturally empathetic... versus, just say it how it is. Which is crazy because I do that too.'",,,
QR-11,RQ3,Ramona,QUAL,IPA Theme,GET 5.4,Calibrating warmth in clinical engagement,'I believe I am warm. But I can also be... I need to be in the middle... at a 3 ideally.',,,
QR-12,RQ3,Ramona,QUAL,IPA Theme,GET 5.5,Countertransference and emotional regulation,'I struggle with narcissism... passive-aggressive. That is a struggle for me... I don't want to be around these people.',,,
QR-13,RQ3,Ramona,QUAL,IPA Theme,GET 5.5,Self-regulation of relational investment,'Where I put my energy and where I don't put my energy. Where I have to pull myself out of.',,,
QR-14,RQ3,Ramona,QUAL,IPA Theme,GET 5.5,Engagement modulation with challenging client,"'I would put him in the middle because it was a sort of a push and pull. Sometimes I was putting my energy there, and sometimes I had to back out.'",,,
QR-15,RQ3,Ramona,QUAL,IPA Theme,GET 5.5,Difficulty located in relationship,"'Working with them, relating to them, was challenging.'",,,
QR-16,RQ3,Ramona,QUAL,IPA Theme,GET 4.2,Empathy for client losses in recovery,'You're talking about dealing with not feeling stimulated all the time... that immediate Rush of dopamine.',,,
QR-17,RQ3,Ramona,QUAL,IPA Theme,GET 4.2,Honest acknowledgment of limits,"'I haven't treated a lot of people that are coming specifically off of sedatives, so I don't know how to speak to that.'",,,
QS-1,RQ3,Seth,QUAL,IPA Theme,GET 3.3,Authenticity in self-disclosure,"'Obviously, I don't go into the Yeah, I'm in recovery when I'm not.'",,,
QS-2,RQ3,Seth,QUAL,IPA Theme,GET 3.3,Active alliance management around disclosure,'What is the right statement to use for this to have relationship building?',,,
QS-3,RQ3,Seth,QUAL,IPA Theme,GET 3.3,Clinical technique for credential ruptures,"'Is it just the throw the open-ended question thrown back at like, What? Why is that so important to you?'",,,
QS-4,RQ3,Seth,QUAL,IPA Theme,GET 3.3,Rupture-and-repair; relocating focus,"'If I said Yes, or if I said No, what does that difference make to you? And how can I still be effective and caring...'",,,
QS-5,RQ3,Seth,QUAL,IPA Theme,GET 3.3,Countertransference and emotional regulation,'The countertransference... I just see a lot more emotionally charged...',,,
QS-6,RQ3,Seth,QUAL,IPA Theme,GET 3.3,Boundary maintenance in session,'That overstep... that countertransference... where that investment can kind of start to overstep in terms of own personal emotions.',,,
QS-7,RQ3,Seth,QUAL,IPA Theme,GET 3.3,Theoretical commitment as relational scaffolding,'A recent personal history of the same problem area... may compromise a counselor's ability to provide the critical condition for change because of over-identification.' (citing Miller & Rollnick),,,
QS-8,RQ3,Seth,QUAL,IPA Theme,GET 3.3,Openness toward structurally different clients,'Closed mindedness versus the ability of exploration.',,,
QS-9,RQ3,Seth,QUAL,IPA Theme,GET 5.1,Theoretical commitments organizing engagement,"'DBT-based Group Therapy. MBCT, MI stuff, MDFT.'",,,
QS-10,RQ3,Seth,QUAL,IPA Theme,GET 5.4,Difference-based rather than hierarchical framing,"'It's not even that, just like... it's just a different standard.'",,,
QS-11,RQ3,Seth,QUAL,IPA Theme,GET 5.5,Affective monitoring of client interactions,"'The frustrated versus not, in terms of time spent. Where it's like the family and the supervisor - refreshing, versus you get done with the challenging client, it can be quite frustrating.'",,,
QS-12,RQ3,Seth,QUAL,IPA Theme,GET 5.5,Emotional regulation across session arc,"'If the person's making strides, but obviously, if they're very challenging for a whole session, it can be quite frustrating.'",,,
QRO-1,RQ3,Rose,QUAL,IPA Theme,GET 1.3,Family-of-origin as relational resource,"'I can relate differently to the patients, I guess.'",,,
QRO-2,RQ3,Rose,QUAL,IPA Theme,GET 1.4,Family-systems lens shaping engagement,"'The family needs help as well, and although the patient is changing, the family is not really doing anything, and that often leads to problems.'",,,
QRO-3,RQ3,Rose,QUAL,IPA Theme,GET 3.1,Locating relational credibility,"'I only have the experience, again, secondhand. Because my husband and my children are in the military.'",,,
QRO-4,RQ3,Rose,QUAL,IPA Theme,GET 3.2,Anticipatory anxiety about alliance,"'Counselors that are not in recovery, not being able to relate... early on, when I started this, this was like the biggest fear of mine.'",,,
QRO-5,RQ3,Rose,QUAL,IPA Theme,GET 3.3,Alliance dynamics; rare ruptures,"'I've had no issues with patients connecting with me... perhaps one or two patients that kind of say, Okay, you don't get it.'",,,
QRO-6,RQ3,Rose,QUAL,IPA Theme,GET 3.3,Reframed credential as relational asset,'It has grown my confidence... I have lived experience with different kinds.',,,
QRO-7,RQ3,Rose,QUAL,IPA Theme,GET 5.1,Theoretical commitment as scaffolding,"'Motivational Interviewing... really eliciting motivation, meeting where the individual, where they're at.'",,,
QRO-8,RQ3,Rose,QUAL,IPA Theme,GET 5.1,Holistic framework guiding engagement,"'Recovery is like, holistic... physically, mentally, emotionally, spiritually... all-encompassing.'",,,
QRO-9,RQ3,Rose,QUAL,IPA Theme,GET 5.2,Tension between mandate and autonomy,'We are requiring our patients to do 12-step meetings as part of the treatment recommendation. That is a dislike of mine.',,,
QRO-10,RQ3,Rose,QUAL,IPA Theme,GET 5.3,Identity work with clients,"'Trying to figure out who is the person without a substance, because oftentimes they have not engaged in any activities they like.'",,,
QRO-11,RQ3,Rose,QUAL,IPA Theme,GET 5.3,Individualized clinical engagement,"'Encouraging engagement in support groups, not necessarily only AA... church, finding activities in the community.'",,,
QRO-12,RQ3,Rose,QUAL,IPA Theme,GET 5.3,Countertransference regulation; empathy as practice,"'Substances affects decision-making... not taking it personal, keeping an open mind... focusing on empathy and meeting them where they're at.'",,,
QRO-13,RQ3,Rose,QUAL,IPA Theme,GET 5.4,Cultural responsiveness,"'Ultimate goal of being culturally competent... cultural humility, cultural competence.'",,,
QRO-14,RQ3,Rose,QUAL,IPA Theme,GET 5.4,Resistance to stereotyping,"'That would be an assumption, a stereotype, that they're all just involved in illegal activities.'",,,
QRO-15,RQ3,Rose,QUAL,IPA Theme,GET 5.4,Self-monitoring during engagement,"'Constant awareness that I'm not judging them, or stereotyping them...'",,,
QRO-16,RQ3,Rose,QUAL,IPA Theme,GET 5.4,Empathy as effortful intervention,"'I can need to be careful about being not judgmental, but, like, especially with difficult patients... still focusing on empathy.'",,,
QRO-17,RQ3,Rose,QUAL,IPA Theme,GET 5.4,Alliance durability beyond treatment,"'Open-minded... the agreeable patient is somebody that has been sober for a really long time, and he still reaches out to me every year and thanks me.'",,,
QRO-18,RQ3,Rose,QUAL,IPA Theme,GET 5.5,Countertransference and emotional regulation,'I can get carried away in my emotions too... This was like the most difficult client I've had in like seven years.',,,
QRO-19,RQ3,Rose,QUAL,IPA Theme,GET 5.5,Self-monitoring of reactivity,"'It felt like he knew exactly what buttons to push. So for me, it's self-awareness that I need to continue to work on.'",,,
QRO-20,RQ3,Rose,QUAL,IPA Theme,GET 5.5,Rupture beyond repair; protecting alliance integrity,'I had to actually transfer care to another counselor. Because they are aggressive... borderline abusive... there was times when I felt gaslit.',,,
QRO-21,RQ3,Rose,QUAL,IPA Theme,GET 5.5,Developmental shift in client construal,"'Early on, I did kind of stereotype whatever substance somebody would use. You see them in a different light.'",,,
NL-1,RQ3,Lisa,QUANT,Principal Component,Lisa People Grid,PC1,"PC1: Empathetic Familiarity vs. Dysfunctionally Distanced (74.36% variance). Dominant dimension organizing Lisa's people field through warmth, empathy, authenticity, and closeness at one pole and arrogance, poor choices, and cultural distance at the other.",,,
NL-2,RQ3,Lisa,QUANT,Principal Component,Lisa People Grid,PC2,PC2: Peer Critique vs. Outsider Idealization (12.93% variance). Secondary dimension distinguishing demographic peers (evaluated more harshly) from culturally different or younger individuals (idealized).,,,
NL-3,RQ3,Lisa,QUANT,Structural Absence,Lisa People Grid,Structural absence,No addiction-specific constructs were elicited for Lisa's People Grid.,,,
NR-1,RQ3,Ramona,QUANT,Principal Component,Ramona People Grid,PC1,"PC1: Psychological Stability vs. Dysfunctional Pathology (61.59% variance). Dominant dimension organizing Ramona's people field through warmth, leadership, and education at one pole and mental instability, narcissism, and addiction at the other.",,,
NR-2,RQ3,Ramona,QUANT,Principal Component,Ramona People Grid,PC2,PC2: Investment in Masculinity vs. Disengaged with Femininity (14.91% variance). Secondary dimension linking masculinity with relational energy investment.,,,
NS-1,RQ3,Seth,QUANT,Principal Component,Seth People Grid,PC1,"PC1: Holistic Alignment vs. Frustrating Dissonance (63.60% variance). Dominant dimension organizing Seth's people field through theoretical agreement, ethical conduct, educational credibility, and relational compatibility. No addiction-specific content.",,,
NS-2,RQ3,Seth,QUANT,Principal Component,Seth People Grid,PC2,PC2: Less-Skilled Personal Relationships vs. Aligned Mentors (19.60% variance). Secondary dimension distinguishing personal closeness and age proximity from professional skill and mentorship.,,,
NS-3,RQ3,Seth,QUANT,Structural Absence,Seth People Grid,Structural absence,No addiction-specific constructs were elicited for Seth's People Grid.,,,
NRO-1,RQ3,Rose,QUANT,Principal Component,Rose People Grid,PC1,"PC1: Compassionate Cultural Awareness vs. Dominating Self-Centeredness (49.90% variance). Dominant dimension organizing Rose's people field through caring, cultural competence, and marginalized-culture identification at one pole and dominance, masculinity, and significant AUD at the other.",,,
NRO-2,RQ3,Rose,QUANT,Principal Component,Rose People Grid,PC2,"PC2: Rigid Program Submission vs. Assertive Cultural Competence (19.60% variance). Secondary dimension distinguishing AA adherence from individualized, culturally competent assertiveness.",,,
NRO-3,RQ3,Rose,QUANT,Principal Component,Rose People Grid,PC3,PC3: Mainstream Openness vs. Marginalized Rigidity (13.23% variance). Tertiary dimension in which open-mindedness clusters with dominant culture positioning while marginalized culture aligns with rigidity.,,,
NL-4,RQ3,Lisa,QUANT,Construct Loading,Lisa People Grid,PC1/PC2,Close to Self vs. Avoidance — PC1 = 0.984,,,
NL-5,RQ3,Lisa,QUANT,Construct Loading,Lisa People Grid,PC1/PC2,"Patient, Empathetic, Compassionate vs. Biased, Paranoid — PC1 = 0.956; PC2 = -0.181",,,
NL-6,RQ3,Lisa,QUANT,Construct Loading,Lisa People Grid,PC1/PC2,Authentic vs. Inauthentic — PC1 = 0.933; PC2 = -0.134,,,
NL-7,RQ3,Lisa,QUANT,Construct Loading,Lisa People Grid,PC1/PC2,Fulfilling Life vs. Unfulfilled Life — PC1 = 0.892,,,
NL-8,RQ3,Lisa,QUANT,Construct Loading,Lisa People Grid,PC1/PC2,Culturally Similar vs. Culturally Different — PC1 = 0.790; PC2 = 0.549,,,
NL-9,RQ3,Lisa,QUANT,Construct Loading,Lisa People Grid,PC1/PC2,Similar in Age vs. Younger Age — PC1 = 0.754; PC2 = 0.625,,,
NL-10,RQ3,Lisa,QUANT,Construct Loading,Lisa People Grid,PC1/PC2,"Arrogant, Rude vs. Polite, Respectful — PC1 = -0.865; PC2 = 0.272",,,
NL-11,RQ3,Lisa,QUANT,Construct Loading,Lisa People Grid,PC1/PC2,Makes Poor Choices vs. Makes Better Choices — PC1 = -0.678; PC2 = 0.460,,,
NR-3,RQ3,Ramona,QUANT,Construct Loading,Ramona People Grid,PC1/PC2,Mentally Unstable vs. Mental Stability — PC1 = -0.956; PC2 = -0.203,,,
NR-4,RQ3,Ramona,QUANT,Construct Loading,Ramona People Grid,PC1/PC2,Narcissistic and Passive Aggressive vs. Agreeable and Selfless — PC1 = -0.911; PC2 = 0.021,,,
NR-5,RQ3,Ramona,QUANT,Construct Loading,Ramona People Grid,PC1/PC2,"Naturally Warm and Empathetic vs. Blunt, Abrupt, Not Warm — PC1 = 0.886; PC2 = 0.163",,,
NR-6,RQ3,Ramona,QUANT,Construct Loading,Ramona People Grid,PC1/PC2,Leadership Qualities vs. Non-Leader — PC1 = 0.852; PC2 = -0.194,,,
NR-7,RQ3,Ramona,QUANT,Construct Loading,Ramona People Grid,PC1/PC2,Educated vs. Not Educated — PC1 = 0.804; PC2 = -0.251,,,
NR-8,RQ3,Ramona,QUANT,SU Construct Loading,Ramona People Grid,PC1/PC2,Addict vs. Non-Addict — PC1 = -0.762; PC2 = 0.098,,,
NR-9,RQ3,Ramona,QUANT,Construct Loading,Ramona People Grid,PC1/PC2,Masculine vs. Feminine — PC1 = -0.336; PC2 = 0.762,,,
NR-10,RQ3,Ramona,QUANT,Construct Loading,Ramona People Grid,PC1/PC2,"Likes Them, Invests Energy Into Relationship vs. Dislikes, Doesn't Invest — PC1 = 0.577; PC2 = 0.658",,,
NS-4,RQ3,Seth,QUANT,Construct Loading,Seth People Grid,PC1/PC2,Agreeable Approach to Life vs. Conflicting Approach — PC1 = 0.402; PC2 = 0.104,,,
NS-5,RQ3,Seth,QUANT,Construct Loading,Seth People Grid,PC1/PC2,Refreshing to Spend Time with vs. Frustrating to Spend Time with — PC1 = 0.399; PC2 = -0.047,,,
NS-6,RQ3,Seth,QUANT,Construct Loading,Seth People Grid,PC1/PC2,Biopsychosocial Model vs. Disease Model of Addiction — PC1 = 0.382; PC2 = -0.109,,,
NS-7,RQ3,Seth,QUANT,Construct Loading,Seth People Grid,PC1/PC2,Aligns With My Approach vs. Disaligned with My Approach — PC1 = 0.371; PC2 = -0.400,,,
NS-8,RQ3,Seth,QUANT,Construct Loading,Seth People Grid,PC1/PC2,Ethical Behavior vs. Unethical Behavior — PC1 = 0.367; PC2 = -0.132,,,
NS-9,RQ3,Seth,QUANT,Construct Loading,Seth People Grid,PC1/PC2,Educational Credibility vs. Less Reliant on Credentials — PC1 = 0.353; PC2 = -0.075,,,
NS-10,RQ3,Seth,QUANT,Construct Loading,Seth People Grid,PC1/PC2,Current Skills vs. Future/Potential Skills — PC1 = 0.202; PC2 = -0.593,,,
NS-11,RQ3,Seth,QUANT,Construct Loading,Seth People Grid,PC1/PC2,Personal Relationship vs. Professional Relationship — PC1 = 0.256; PC2 = 0.483,,,
NS-12,RQ3,Seth,QUANT,Construct Loading,Seth People Grid,PC1/PC2,Close in Age vs. Different in Age — PC1 = 0.173; PC2 = 0.605,,,
NRO-4,RQ3,Rose,QUANT,Construct Loading,Rose People Grid,PC1/PC2/PC3,Caring About Others vs. Self-Centered — PC1 = 0.469; PC2 = -0.012; PC3 = 0.065,,,
NRO-5,RQ3,Rose,QUANT,Construct Loading,Rose People Grid,PC1/PC2/PC3,Marginalized Culture vs. Dominant Culture — PC1 = 0.363; PC2 = -0.117; PC3 = -0.422,,,
NRO-6,RQ3,Rose,QUANT,Construct Loading,Rose People Grid,PC1/PC2/PC3,Culturally Competent vs. Neglects Importance of Culture — PC1 = 0.323; PC2 = -0.528; PC3 = 0.177,,,
NRO-7,RQ3,Rose,QUANT,Construct Loading,Rose People Grid,PC1/PC2/PC3,Open-Minded vs. Rigid — PC1 = 0.285; PC2 = -0.192; PC3 = 0.747,,,
NRO-8,RQ3,Rose,QUANT,Construct Loading,Rose People Grid,PC1/PC2/PC3,Adherence to AA/1 Size Fits All vs. Individualized Treatment — PC1 = 0.075; PC2 = 0.671; PC3 = 0.233,,,
NRO-9,RQ3,Rose,QUANT,Construct Loading,Rose People Grid,PC1/PC2/PC3,Dominating Behavior vs. Submissive Behavior — PC1 = -0.366; PC2 = -0.441; PC3 = -0.134,,,
NRO-10,RQ3,Rose,QUANT,Construct Loading,Rose People Grid,PC1/PC2/PC3,Significant AUD vs. Abstinence — PC1 = -0.384; PC2 = 0.120; PC3 = 0.342,,,
NRO-11,RQ3,Rose,QUANT,Construct Loading,Rose People Grid,PC1/PC2/PC3,Masculine vs. Feminine — PC1 = -0.420; PC2 = -0.160; PC3 = 0.197,,,
NL-12,RQ3,Lisa,QUANT,Element Position,Lisa People Grid,Self (E1),"Self (E1) ≈ -5.5 PC1, ≈ -1.0 PC2. Clustered with Ideal Self at zero distance.",,,
NL-13,RQ3,Lisa,QUANT,Element Position,Lisa People Grid,Ideal Self (E2),"Ideal Self (E2) ≈ -7.0 PC1, ≈ -1.0 PC2. Clustered with Self at zero distance.",,,
NL-14,RQ3,Lisa,QUANT,Element Position,Lisa People Grid,Strong Client (E3),"Strong Client Relationship (E3) ≈ -0.5 PC1, ≈ 3.0 PC2. Empathetic side of PC1; outsider-idealization region on PC2.",,,
NL-15,RQ3,Lisa,QUANT,Element Position,Lisa People Grid,Difficult Client (E4),"Difficult Client (E4) ≈ 8.5 PC1, ≈ -0.8 PC2. Most extreme dysfunction position on PC1.",,,
NL-16,RQ3,Lisa,QUANT,Element Position,Lisa People Grid,Friend w/SUD (E5),"Friend w/SUD (E5) ≈ -2.5 PC1, ≈ -4.3 PC2. Empathetic-familiarity side of PC1; extreme peer-critique on PC2.",,,
NL-17,RQ3,Lisa,QUANT,Element Position,Lisa People Grid,Acquaintance w/SUD (E6),"Acquaintance w/SUD (E6) ≈ 8.0 PC1, ≈ -2.0 PC2. Dysfunction pole of PC1; near Difficult Client.",,,
NL-18,RQ3,Lisa,QUANT,Element Position,Lisa People Grid,Supervisor (E7),"Supervisor (E7) ≈ -4.0 PC1, ≈ 1.5 PC2. Near Self cluster on PC1; upper PC2.",,,
NL-19,RQ3,Lisa,QUANT,Element Position,Lisa People Grid,Admired Colleague (E8),"Admired Colleague (E8) ≈ -2.5 PC1, ≈ 3.0 PC2. Outsider idealization region on PC2; clustered with Strong Client Relationship.",,,
NL-20,RQ3,Lisa,QUANT,Element Position,Lisa People Grid,Culturally Different Client (E9),"Culturally Different Client (E9) ≈ 4.5 PC1, ≈ 2.7 PC2. Moderate dysfunction on PC1; outsider-idealization region on PC2.",,,
NL-21,RQ3,Lisa,QUANT,Element Position,Lisa People Grid,Disagreeable Colleague (E10),"Disagreeable Colleague (E10) ≈ 5.0 PC1, ≈ -0.8 PC2. Near Difficult Client region.",,,
NR-11,RQ3,Ramona,QUANT,Element Position,Ramona People Grid,Self (E1),"Self (E1) ≈ -5.5 PC1, ≈ -0.4 PC2. Stability pole; clustered with Ideal Self and Admired Colleague.",,,
NR-12,RQ3,Ramona,QUANT,Element Position,Ramona People Grid,Ideal Self (E2),"Ideal Self (E2) ≈ -5.0 PC1, ≈ 0.1 PC2. Near Self.",,,
NR-13,RQ3,Ramona,QUANT,Element Position,Ramona People Grid,Strong Client (E3),"Strong Client Relationship (E3) ≈ -4.5 PC1, ≈ 0.8 PC2. Stability side; projects toward Educated and Leadership Qualities.",,,
NR-14,RQ3,Ramona,QUANT,Element Position,Ramona People Grid,Difficult Client (E4),"Difficult Client (E4) ≈ 13.0 PC1, ≈ -1.5 PC2. Extreme dysfunction pole.",,,
NR-15,RQ3,Ramona,QUANT,Element Position,Ramona People Grid,Family w/SUD (E5),"Family w/SUD (E5) ≈ 7.0 PC1, ≈ 1.1 PC2. Dysfunction end; adjacent to pathology constructs.",,,
NR-16,RQ3,Ramona,QUANT,Element Position,Ramona People Grid,Friend (E6),"Friend (E6) ≈ -3.5 PC1, ≈ -1.9 PC2. Stability side; near Self on PC1.",,,
NR-17,RQ3,Ramona,QUANT,Element Position,Ramona People Grid,Supervisor (E7),"Supervisor (E7) ≈ -5.5 PC1, ≈ 2.5 PC2. Stability end; extreme masculine-invested on PC2.",,,
NR-18,RQ3,Ramona,QUANT,Element Position,Ramona People Grid,Admired Colleague (E8),"Admired Colleague (E8) ≈ -8.5 PC1, ≈ -0.4 PC2. Extreme stability pole; clustered with Self.",,,
NR-19,RQ3,Ramona,QUANT,Element Position,Ramona People Grid,Culturally Different Client (E9),"Culturally Different Client (E9) ≈ 5.0 PC1, ≈ -2.5 PC2. Dysfunction side of PC1; lowest PC2 position among client elements.",,,
NR-20,RQ3,Ramona,QUANT,Element Position,Ramona People Grid,Disagreeable Colleague (E10),"Disagreeable Colleague (E10) ≈ 3.5 PC1, ≈ 2.2 PC2. Dysfunction side; masculine-invested on PC2.",,,
NS-13,RQ3,Seth,QUANT,Element Position,Seth People Grid,Self (E1),"Self (E1) ≈ -2.8 PC1, ≈ -2.2 PC2. Alignment pole; extreme personal end of PC2.",,,
NS-14,RQ3,Seth,QUANT,Element Position,Seth People Grid,Ideal Self (E2),"Ideal Self (E2) ≈ -3.5 PC1, ≈ 0.9 PC2. Alignment pole; separated from Self by full width of PC2.",,,
NS-15,RQ3,Seth,QUANT,Element Position,Seth People Grid,Strong Client (E3),"Strong Client Relationship (E3) ≈ 2.0 PC1, ≈ 1.0 PC2. Moderate dissonance on PC1; mentor region on PC2.",,,
NS-16,RQ3,Seth,QUANT,Element Position,Seth People Grid,Difficult Client (E4),"Difficult Client (E4) ≈ 4.0 PC1, ≈ -0.2 PC2. Extreme dissonance on PC1.",,,
NS-17,RQ3,Seth,QUANT,Element Position,Seth People Grid,Family w/SUD (E5),"Family w/SUD (E5) ≈ 2.5 PC1, ≈ -2.6 PC2. Dissonance side; personal-closeness pole on PC2.",,,
NS-18,RQ3,Seth,QUANT,Element Position,Seth People Grid,Friend (E6),"Friend (E6) ≈ -1.5 PC1, ≈ -1.7 PC2. Alignment side; near Self on both components.",,,
NS-19,RQ3,Seth,QUANT,Element Position,Seth People Grid,Supervisor (E7),"Supervisor (E7) ≈ -2.0 PC1, ≈ 1.9 PC2. Alignment end; mentor region on PC2.",,,
NS-20,RQ3,Seth,QUANT,Element Position,Seth People Grid,Admired Colleague (E8),"Admired Colleague (E8) ≈ -2.0 PC1, ≈ 2.4 PC2. Near Ideal Self and Supervisor; mentor region.",,,
NS-21,RQ3,Seth,QUANT,Element Position,Seth People Grid,Culturally Different Client (E9),"Culturally Different Client (E9) ≈ 2.0 PC1, ≈ 1.0 PC2. Near Strong Client Relationship on both components.",,,
NS-22,RQ3,Seth,QUANT,Element Position,Seth People Grid,Disagreeable Colleague (E10),"Disagreeable Colleague (E10) ≈ 3.8 PC1, ≈ -0.5 PC2. Near Difficult Client on PC1.",,,
NRO-12,RQ3,Rose,QUANT,Element Position,Rose People Grid,Self (E1),"Self (E1) ≈ -4.0 PC1, ≈ -1.5 PC2. Compassionate pole; assertive region on PC2.",,,
NRO-13,RQ3,Rose,QUANT,Element Position,Rose People Grid,Ideal Self (E2),"Ideal Self (E2) ≈ -3.5 PC1, ≈ -1.9 PC2. Near Self; assertive-competent end of PC2.",,,
NRO-14,RQ3,Rose,QUANT,Element Position,Rose People Grid,Strong Client (E3),"Strong Client Relationship (E3) ≈ 4.0 PC1, ≈ 2.8 PC2. Moderate dominating on PC1; rigid-submission region on PC2.",,,
NRO-15,RQ3,Rose,QUANT,Element Position,Rose People Grid,Difficult Client (E4),"Difficult Client (E4) ≈ 10.5 PC1, ≈ 0.5 PC2. Extreme dominating-self-centered pole.",,,
NRO-16,RQ3,Rose,QUANT,Element Position,Rose People Grid,Family w/SUD Dad (E5),"Family w/SUD Dad (E5) ≈ 7.5 PC1, ≈ -1.1 PC2. Dominating end; near Difficult Client on PC1.",,,
NRO-17,RQ3,Rose,QUANT,Element Position,Rose People Grid,Another Family Mom (E6),"Another Family Mom (E6) ≈ -5.0 PC1, ≈ 3.8 PC2. Compassionate pole; extreme rigid-submission on PC2.",,,
NRO-18,RQ3,Rose,QUANT,Element Position,Rose People Grid,Supervisor (E7),"Supervisor (E7) ≈ 5.0 PC1, ≈ -1.6 PC2. Moderate dominating; assertive region on PC2.",,,
NRO-19,RQ3,Rose,QUANT,Element Position,Rose People Grid,Admired Colleague (E8),"Admired Colleague (E8) ≈ -8.0 PC1, ≈ -2.0 PC2. Extreme compassionate-culturally-aware pole.",,,
NRO-20,RQ3,Rose,QUANT,Element Position,Rose People Grid,Culturally Different Client (E9),"Culturally Different Client (E9) ≈ -1.0 PC1, ≈ 0.0 PC2. Center of biplot; structurally neutral.",,,
NRO-21,RQ3,Rose,QUANT,Element Position,Rose People Grid,Disagreeable Colleague (E10),"Disagreeable Colleague (E10) ≈ -2.0 PC1, ≈ 1.3 PC2. Moderate compassionate; rigid on PC2.",,,
NDL-1,RQ3,Lisa,QUANT,Element Distance,Lisa People Grid,Self to E3,"Self (≈ -5.5, -1.0) to Strong Client Relationship (≈ -0.5, 3.0). Euclidean ≈ 6.2 units. PC2 accounts for most of the distance.",,,
NDL-2,RQ3,Lisa,QUANT,Element Distance,Lisa People Grid,Self to E4,"Self (≈ -5.5, -1.0) to Difficult Client (≈ 8.5, -0.8). Euclidean ≈ 14.0 units. Almost entirely along PC1.",,,
NDL-3,RQ3,Lisa,QUANT,Element Distance,Lisa People Grid,Self to E9,"Self (≈ -5.5, -1.0) to Culturally Different Client (≈ 4.5, 2.7). Euclidean ≈ 10.7 units. Both axes contribute.",,,
NDR-1,RQ3,Ramona,QUANT,Element Distance,Ramona People Grid,Self to E3,"Self (≈ -5.5, -0.4) to Strong Client Relationship (≈ -4.5, 0.8). Euclidean ≈ 1.5 units. Closest Self-to-client distance in entire sample.",,,
NDR-2,RQ3,Ramona,QUANT,Element Distance,Ramona People Grid,Self to E4,"Self (≈ -5.5, -0.4) to Difficult Client (≈ 13.0, -1.5). Euclidean ≈ 18.6 units. Largest Self-to-Difficult Client distance in sample.",,,
NDR-3,RQ3,Ramona,QUANT,Element Distance,Ramona People Grid,Self to E9,"Self (≈ -5.5, -0.4) to Culturally Different Client (≈ 5.0, -2.5). Euclidean ≈ 10.7 units. Both axes contribute.",,,
NDS-1,RQ3,Seth,QUANT,Element Distance,Seth People Grid,Self to E3,"Self (≈ -2.8, -2.2) to Strong Client Relationship (≈ 2.0, 1.0). Euclidean ≈ 5.8 units. Both axes contribute roughly equally.",,,
NDS-2,RQ3,Seth,QUANT,Element Distance,Seth People Grid,Self to E4,"Self (≈ -2.8, -2.2) to Difficult Client (≈ 4.0, -0.2). Euclidean ≈ 7.1 units. Smallest Self-to-Difficult Client distance in sample.",,,
NDS-3,RQ3,Seth,QUANT,Element Distance,Seth People Grid,Self to E9,"Self (≈ -2.8, -2.2) to Culturally Different Client (≈ 2.0, 1.0). Euclidean ≈ 5.8 units. Nearly identical to Self-to-E3 distance.",,,
NDRO-1,RQ3,Rose,QUANT,Element Distance,Rose People Grid,Self to E3,"Self (≈ -4.0, -1.5) to Strong Client Relationship (≈ 4.0, 2.8). Euclidean ≈ 9.1 units. Large separation on both axes.",,,
NDRO-2,RQ3,Rose,QUANT,Element Distance,Rose People Grid,Self to E4,"Self (≈ -4.0, -1.5) to Difficult Client (≈ 10.5, 0.5). Euclidean ≈ 14.8 units. Driven primarily by PC1.",,,
NDRO-3,RQ3,Rose,QUANT,Element Distance,Rose People Grid,Self to E9,"Self (≈ -4.0, -1.5) to Culturally Different Client (≈ -1.0, 0.0). Euclidean ≈ 3.4 units. Smallest Self-to-client distance in entire sample.",,,
NDL-4,RQ3,Lisa,QUANT,Element Distance,Lisa People Grid,E3 to E4,"Strong Client Relationship (≈ -0.5, 3.0) to Difficult Client (≈ 8.5, -0.8). Euclidean ≈ 9.8 units.",,,
NDL-5,RQ3,Lisa,QUANT,Element Distance,Lisa People Grid,E3 to E9,"Strong Client Relationship (≈ -0.5, 3.0) to Culturally Different Client (≈ 4.5, 2.7). Euclidean ≈ 5.0 units.",,,
NDL-6,RQ3,Lisa,QUANT,Element Distance,Lisa People Grid,E4 to E9,"Difficult Client (≈ 8.5, -0.8) to Culturally Different Client (≈ 4.5, 2.7). Euclidean ≈ 5.2 units.",,,
NDR-4,RQ3,Ramona,QUANT,Element Distance,Ramona People Grid,E3 to E4,"Strong Client Relationship (≈ -4.5, 0.8) to Difficult Client (≈ 13.0, -1.5). Euclidean ≈ 17.8 units. Maximum client-to-client distance in sample.",,,
NDR-5,RQ3,Ramona,QUANT,Element Distance,Ramona People Grid,E3 to E9,"Strong Client Relationship (≈ -4.5, 0.8) to Culturally Different Client (≈ 5.0, -2.5). Euclidean ≈ 10.1 units.",,,
NDR-6,RQ3,Ramona,QUANT,Element Distance,Ramona People Grid,E4 to E9,"Difficult Client (≈ 13.0, -1.5) to Culturally Different Client (≈ 5.0, -2.5). Euclidean ≈ 8.1 units.",,,
NDS-4,RQ3,Seth,QUANT,Element Distance,Seth People Grid,E3 to E4,"Strong Client Relationship (≈ 2.0, 1.0) to Difficult Client (≈ 4.0, -0.2). Euclidean ≈ 2.3 units. Smallest E3-to-E4 distance in sample.",,,
NDS-5,RQ3,Seth,QUANT,Element Distance,Seth People Grid,E3 to E9,"Strong Client Relationship (≈ 2.0, 1.0) to Culturally Different Client (≈ 2.0, 1.0). Euclidean ≈ 0.0 units. Structurally identical.",,,
NDS-6,RQ3,Seth,QUANT,Element Distance,Seth People Grid,E4 to E9,"Difficult Client (≈ 4.0, -0.2) to Culturally Different Client (≈ 2.0, 1.0). Euclidean ≈ 2.3 units.",,,
NDRO-4,RQ3,Rose,QUANT,Element Distance,Rose People Grid,E3 to E4,"Strong Client Relationship (≈ 4.0, 2.8) to Difficult Client (≈ 10.5, 0.5). Euclidean ≈ 6.9 units.",,,
NDRO-5,RQ3,Rose,QUANT,Element Distance,Rose People Grid,E3 to E9,"Strong Client Relationship (≈ 4.0, 2.8) to Culturally Different Client (≈ -1.0, 0.0). Euclidean ≈ 5.8 units.",,,
NDRO-6,RQ3,Rose,QUANT,Element Distance,Rose People Grid,E4 to E9,"Difficult Client (≈ 10.5, 0.5) to Culturally Different Client (≈ -1.0, 0.0). Euclidean ≈ 11.5 units. Maximum separation among Rose's client elements.",,,
NDL-7,RQ3,Lisa,QUANT,Element Distance,Lisa People Grid,E5 to E3,"Friend w/SUD (≈ -2.5, -4.3) to Strong Client Relationship (≈ -0.5, 3.0). Euclidean ≈ 7.5 units.",,,
NDL-8,RQ3,Lisa,QUANT,Element Distance,Lisa People Grid,E5 to E4,"Friend w/SUD (≈ -2.5, -4.3) to Difficult Client (≈ 8.5, -0.8). Euclidean ≈ 11.6 units.",,,
NDL-9,RQ3,Lisa,QUANT,Element Distance,Lisa People Grid,E6 to E4,"Acquaintance w/SUD (≈ 8.0, -2.0) to Difficult Client (≈ 8.5, -0.8). Euclidean ≈ 1.3 units. Structurally indistinguishable.",,,
NDL-10,RQ3,Lisa,QUANT,Element Distance,Lisa People Grid,E6 to E3,"Acquaintance w/SUD (≈ 8.0, -2.0) to Strong Client Relationship (≈ -0.5, 3.0). Euclidean ≈ 9.7 units.",,,
NDR-7,RQ3,Ramona,QUANT,Element Distance,Ramona People Grid,E5 to E3,"Family w/SUD (≈ 7.0, 1.1) to Strong Client Relationship (≈ -4.5, 0.8). Euclidean ≈ 11.5 units.",,,
NDR-8,RQ3,Ramona,QUANT,Element Distance,Ramona People Grid,E5 to E4,"Family w/SUD (≈ 7.0, 1.1) to Difficult Client (≈ 13.0, -1.5). Euclidean ≈ 6.6 units.",,,
NDR-9,RQ3,Ramona,QUANT,Element Distance,Ramona People Grid,E6 to E3,"Friend (≈ -3.5, -1.9) to Strong Client Relationship (≈ -4.5, 0.8). Euclidean ≈ 2.9 units.",,,
NDR-10,RQ3,Ramona,QUANT,Element Distance,Ramona People Grid,E6 to E4,"Friend (≈ -3.5, -1.9) to Difficult Client (≈ 13.0, -1.5). Euclidean ≈ 16.5 units.",,,
NDS-7,RQ3,Seth,QUANT,Element Distance,Seth People Grid,E5 to E3,"Family w/SUD (≈ 2.5, -2.6) to Strong Client Relationship (≈ 2.0, 1.0). Euclidean ≈ 3.6 units.",,,
NDS-8,RQ3,Seth,QUANT,Element Distance,Seth People Grid,E5 to E4,"Family w/SUD (≈ 2.5, -2.6) to Difficult Client (≈ 4.0, -0.2). Euclidean ≈ 2.8 units.",,,
NDS-9,RQ3,Seth,QUANT,Element Distance,Seth People Grid,E6 to E3,"Friend (≈ -1.5, -1.7) to Strong Client Relationship (≈ 2.0, 1.0). Euclidean ≈ 4.5 units.",,,
NDS-10,RQ3,Seth,QUANT,Element Distance,Seth People Grid,E6 to E4,"Friend (≈ -1.5, -1.7) to Difficult Client (≈ 4.0, -0.2). Euclidean ≈ 5.7 units.",,,
NDRO-7,RQ3,Rose,QUANT,Element Distance,Rose People Grid,E5 to E3,"Family w/SUD Dad (≈ 7.5, -1.1) to Strong Client Relationship (≈ 4.0, 2.8). Euclidean ≈ 5.2 units.",,,
NDRO-8,RQ3,Rose,QUANT,Element Distance,Rose People Grid,E5 to E4,"Family w/SUD Dad (≈ 7.5, -1.1) to Difficult Client (≈ 10.5, 0.5). Euclidean ≈ 3.4 units.",,,
NDRO-9,RQ3,Rose,QUANT,Element Distance,Rose People Grid,E6 to E3,"Another Family Mom (≈ -5.0, 3.8) to Strong Client Relationship (≈ 4.0, 2.8). Euclidean ≈ 9.1 units.",,,
NDRO-10,RQ3,Rose,QUANT,Element Distance,Rose People Grid,E6 to E4,"Another Family Mom (≈ -5.0, 3.8) to Difficult Client (≈ 10.5, 0.5). Euclidean ≈ 15.9 units. Maximum separation.",,,
NDL-11,RQ3,Lisa,QUANT,Element Distance,Lisa People Grid,E8 to E3,"Admired Colleague (≈ -2.5, 3.0) to Strong Client Relationship (≈ -0.5, 3.0). Euclidean ≈ 2.0 units. Nearly co-located.",,,
NDL-12,RQ3,Lisa,QUANT,Element Distance,Lisa People Grid,E8 to E4,"Admired Colleague (≈ -2.5, 3.0) to Difficult Client (≈ 8.5, -0.8). Euclidean ≈ 11.7 units.",,,
NDL-13,RQ3,Lisa,QUANT,Element Distance,Lisa People Grid,E7 to E3,"Supervisor (≈ -4.0, 1.5) to Strong Client Relationship (≈ -0.5, 3.0). Euclidean ≈ 3.8 units.",,,
NDL-14,RQ3,Lisa,QUANT,Element Distance,Lisa People Grid,E10 to E4,"Disagreeable Colleague (≈ 5.0, -0.8) to Difficult Client (≈ 8.5, -0.8). Euclidean ≈ 3.5 units.",,,
NDR-11,RQ3,Ramona,QUANT,Element Distance,Ramona People Grid,E8 to E3,"Admired Colleague (≈ -8.5, -0.4) to Strong Client Relationship (≈ -4.5, 0.8). Euclidean ≈ 4.2 units.",,,
NDR-12,RQ3,Ramona,QUANT,Element Distance,Ramona People Grid,E8 to E4,"Admired Colleague (≈ -8.5, -0.4) to Difficult Client (≈ 13.0, -1.5). Euclidean ≈ 21.5 units. Maximum professional-to-client distance.",,,
NDR-13,RQ3,Ramona,QUANT,Element Distance,Ramona People Grid,E7 to E3,"Supervisor (≈ -5.5, 2.5) to Strong Client Relationship (≈ -4.5, 0.8). Euclidean ≈ 2.0 units.",,,
NDR-14,RQ3,Ramona,QUANT,Element Distance,Ramona People Grid,E10 to E4,"Disagreeable Colleague (≈ 3.5, 2.2) to Difficult Client (≈ 13.0, -1.5). Euclidean ≈ 10.2 units.",,,
NDR-15,RQ3,Ramona,QUANT,Element Distance,Ramona People Grid,E3 PC2 separation from Self cluster,Strong Client Relationship at PC2 ≈ 0.8 vs. Self/Ideal Self/Admired Colleague at PC2 ≈ -0.4. Separation of ~1.2 units on PC2. Connection organized through professional competence rather than warmth.,,,
NDS-11,RQ3,Seth,QUANT,Element Distance,Seth People Grid,E8 to E3,"Admired Colleague (≈ -2.0, 2.4) to Strong Client Relationship (≈ 2.0, 1.0). Euclidean ≈ 4.2 units.",,,
NDS-12,RQ3,Seth,QUANT,Element Distance,Seth People Grid,E8 to E4,"Admired Colleague (≈ -2.0, 2.4) to Difficult Client (≈ 4.0, -0.2). Euclidean ≈ 6.6 units.",,,
NDS-13,RQ3,Seth,QUANT,Element Distance,Seth People Grid,E7 to E3,"Supervisor (≈ -2.0, 1.9) to Strong Client Relationship (≈ 2.0, 1.0). Euclidean ≈ 4.1 units.",,,
NDS-14,RQ3,Seth,QUANT,Element Distance,Seth People Grid,E10 to E4,"Disagreeable Colleague (≈ 3.8, -0.5) to Difficult Client (≈ 4.0, -0.2). Euclidean ≈ 0.4 units. Structurally identical.",,,
NDS-15,RQ3,Seth,QUANT,Element Distance,Seth People Grid,Self/Ideal Self PC2 separation,"Self (≈ -2.8, -2.2) and Ideal Self (≈ -3.5, 0.9) separated by 3.1 units on PC2. Actual self sits in personal-closeness region while aspirational self sits in mentor-professional region.",,,
NDRO-11,RQ3,Rose,QUANT,Element Distance,Rose People Grid,E8 to E3,"Admired Colleague (≈ -8.0, -2.0) to Strong Client Relationship (≈ 4.0, 2.8). Euclidean ≈ 13.0 units. Maximum Admired Colleague-to-Connected Client distance in sample.",,,
NDRO-12,RQ3,Rose,QUANT,Element Distance,Rose People Grid,E8 to E4,"Admired Colleague (≈ -8.0, -2.0) to Difficult Client (≈ 10.5, 0.5). Euclidean ≈ 18.8 units.",,,
NDRO-13,RQ3,Rose,QUANT,Element Distance,Rose People Grid,E7 to E3,"Supervisor (≈ 5.0, -1.6) to Strong Client Relationship (≈ 4.0, 2.8). Euclidean ≈ 4.5 units.",,,
NDRO-14,RQ3,Rose,QUANT,Element Distance,Rose People Grid,E7 to E4,"Supervisor (≈ 5.0, -1.6) to Difficult Client (≈ 10.5, 0.5). Euclidean ≈ 5.9 units. Rose's supervisor sits on the same side of PC1 as her Difficult Client, a placement unique across all four grids.",,,
NDRO-15,RQ3,Rose,QUANT,Element Distance,Rose People Grid,E10 to E4,"Disagreeable Colleague (≈ -2.0, 1.3) to Difficult Client (≈ 10.5, 0.5). Euclidean ≈ 12.6 units. Rose's Disagreeable Colleague is on the compassionate side of PC1, opposite from her Difficult Client. Unique among the four grids.",,,